ref_area,ref_area.label,calif,1.Agro,2.No_agro,9.SD
ABW,Aruba,1.Baja,0.174,6.302,0.056
ABW,Aruba,2.Media,0.084,25.217,0.071
ABW,Aruba,3.Alta,0.038,14.277,0.055
ABW,Aruba,9.SD,0,0.206,0.044
AFG,Afghanistan,1.Baja,93.2755,877.7935,2.217
AFG,Afghanistan,2.Media,2686.2765,2039.9389999999999,19.4805
AFG,Afghanistan,3.Alta,1.003,387.7155,6.9565
AFG,Afghanistan,9.SD,1.7389999999999999,176.749,404.1685
AGO,Angola,1.Baja,146.633,486.46025000000003,41.933499999999995
AGO,Angola,2.Media,3256.0687500000004,1798.56325,140.311
AGO,Angola,3.Alta,8.139,662.79175,54.645999999999994
AGO,Angola,9.SD,24.37625,196.35975,307.31166666666667
ALB,Albania,1.Baja,1.7681111111111112,64.3001,0.361
ALB,Albania,2.Media,465.6032,412.6455,0.7034
ALB,Albania,3.Alta,1.1986,190.1709,0.908
ALB,Albania,9.SD,0,5.7814,0.131
ARE,United Arab Emirates,1.Baja,32.12133333333333,1127.3323333333333,0.5335
ARE,United Arab Emirates,2.Media,68.91566666666667,2676.1753333333336,5.3919999999999995
ARE,United Arab Emirates,3.Alta,11.249333333333333,2099.4763333333335,6.575666666666667
ARE,United Arab Emirates,9.SD,0,60.66566666666667,1196.5796666666665
ARG,Argentina,1.Baja,23.625555555555557,1707.9403333333335,14.127777777777778
ARG,Argentina,2.Media,37.498000000000005,5609.8640000000005,88.12822222222222
ARG,Argentina,3.Alta,14.409333333333333,2601.840777777778,111.14577777777778
ARG,Argentina,9.SD,3.4904444444444445,833.4941111111111,53.01722222222222
ARM,Armenia,1.Baja,6.256399999999999,71.5992,0
ARM,Armenia,2.Media,356.4594,311.6888,0
ARM,Armenia,3.Alta,1.3832,309.5066,0
AUS,Australia,1.Baja,68.04290909090909,892.1685454545454,0.8106
AUS,Australia,2.Media,233.87536363636363,5221.284818181818,9.257333333333333
AUS,Australia,3.Alta,22.367727272727272,5251.596181818181,6.474
AUS,Australia,9.SD,0.018,0.38733333333333336,0
AUT,Austria,1.Baja,6.387636363636363,352.29027272727274,0
AUT,Austria,2.Media,177.36590909090907,1944.5847272727274,0
AUT,Austria,3.Alta,4.909454545454546,1654.1151818181818,0
AUT,Austria,9.SD,0,10.936818181818182,2.821727272727273
BEL,Belgium,1.Baja,7.338,453.362,0
BEL,Belgium,2.Media,44.83627272727273,1967.4762727272728,0
BEL,Belgium,3.Alta,3.597909090909091,2075.9732727272726,0
BEL,Belgium,9.SD,0,26.866090909090907,0
BEN,Benin,1.Baja,0.92,29.14,1.3
BEN,Benin,2.Media,1242.57,1376.81,6.76
BEN,Benin,3.Alta,2.9,225.07,29.26
BEN,Benin,9.SD,5.24,6.640000000000001,8.38
BFA,Burkina Faso,1.Baja,35.541,382.132,0
BFA,Burkina Faso,2.Media,1104.95,2173.452,0
BFA,Burkina Faso,3.Alta,20.177,551.373,0
BFA,Burkina Faso,9.SD,5.602,31.81,0
BGD,Bangladesh,1.Baja,8227.13025,5288.34375,0.5776666666666667
BGD,Bangladesh,2.Media,17206.62375,22885.89375,4.052
BGD,Bangladesh,3.Alta,31.028,4374.97975,0
BGD,Bangladesh,9.SD,0,98.41066666666667,0
BGR,Bulgaria,1.Baja,45.111909090909094,289.5825454545455,0
BGR,Bulgaria,2.Media,147.48027272727273,1597.5482727272727,0
BGR,Bulgaria,3.Alta,14.691181818181818,929.603090909091,0
BGR,Bulgaria,9.SD,0,25.064090909090908,0
BHS,Bahamas,1.Baja,0,31.063,0
BHS,Bahamas,2.Media,1.571,120.16,0
BHS,Bahamas,3.Alta,0,57.300000000000004,0
BHS,Bahamas,9.SD,0.179,0,0.406
BIH,Bosnia and Herzegovina,1.Baja,22.09990909090909,62.85272727272727,0
BIH,Bosnia and Herzegovina,2.Media,127.6500909090909,408.9160909090909,0
BIH,Bosnia and Herzegovina,3.Alta,3.3819090909090908,188.07463636363636,0
BIH,Bosnia and Herzegovina,9.SD,0.692,7.140090909090909,0
BLR,Belarus,1.Baja,57.7874,317.688,1.215
BLR,Belarus,2.Media,339.8382,2115.9818,1.712
BLR,Belarus,3.Alta,117.801,1768.4486,2.811
BLR,Belarus,9.SD,0,57.109,1.44725
BLZ,Belize,1.Baja,11.209999999999999,21.126166666666666,0.0848
BLZ,Belize,2.Media,14.206833333333332,75.6885,0.3125
BLZ,Belize,3.Alta,0.5028333333333334,23.201999999999998,0.0418
BLZ,Belize,9.SD,0.033,1.097,0.341
BMU,Bermuda,1.Baja,0.0125,1.036,0
BMU,Bermuda,2.Media,0.2685,15.9635,0
BMU,Bermuda,3.Alta,0.1765,18.338,0
BOL,"Bolivia, Plurinational State of",1.Baja,58.5589,322.1356,0
BOL,"Bolivia, Plurinational State of",2.Media,1457.0059,2308.6096,1.0206666666666666
BOL,"Bolivia, Plurinational State of",3.Alta,12.825800000000001,770.679,0
BOL,"Bolivia, Plurinational State of",9.SD,1.8405999999999998,69.6983,0.1728
BRA,Brazil,1.Baja,2451.4918,14362.039,259.08
BRA,Brazil,2.Media,6794.456999999999,45196.3624,371.5336
BRA,Brazil,3.Alta,166.1202,20254.868,90.4451
BRA,Brazil,9.SD,357.46366666666665,893.5408,5.051666666666667
BRB,Barbados,1.Baja,0.83,18.137,0
BRB,Barbados,2.Media,2.523,62.119,0
BRB,Barbados,3.Alta,0.082,37.97,0
BRB,Barbados,9.SD,1.972,63.6785,0
BRN,Brunei Darussalam,1.Baja,3.41025,28.266750000000002,0
BRN,Brunei Darussalam,2.Media,3.18175,82.04425,0
BRN,Brunei Darussalam,3.Alta,0.75975,76.87525,0
BRN,Brunei Darussalam,9.SD,0,5.752750000000001,0
BTN,Bhutan,1.Baja,0.4384,6.402285714285714,0
BTN,Bhutan,2.Media,171.114,53.16571428571429,0
BTN,Bhutan,3.Alta,0.5992,24.420571428571428,0
BTN,Bhutan,9.SD,0,4.858499999999999,0
BWA,Botswana,1.Baja,51.03633333333333,128.93233333333333,0.49
BWA,Botswana,2.Media,71.57566666666666,289.20733333333334,2.18
BWA,Botswana,3.Alta,1.2326666666666666,130.478,1.23
BWA,Botswana,9.SD,0,2.229,1.5325
CAN,Canada,1.Baja,14.516666666666666,1352.1333333333332,0
CAN,Canada,2.Media,341.6666666666667,8063.166666666667,0
CAN,Canada,3.Alta,21.116666666666667,7502.75,0
CHE,Switzerland,1.Baja,13.344090909090909,233.3999090909091,0.4966363636363636
CHE,Switzerland,2.Media,116.06363636363636,2006.243909090909,2.2653636363636362
CHE,Switzerland,3.Alta,17.214909090909092,2059.545818181818,2.0582727272727275
CHE,Switzerland,9.SD,0.533,16.124909090909092,0.08016666666666666
CHL,Chile,1.Baja,394.0939090909091,1413.1288181818181,8.152
CHL,Chile,2.Media,278.6200909090909,3804.823909090909,27.367
CHL,Chile,3.Alta,35.13809090909091,2083.4269090909092,20.625
CHL,Chile,9.SD,3.913111111111111,55.83490909090909,7.451833333333333
CIV,Côte d'Ivoire,1.Baja,136.05633333333333,453.53,0
CIV,Côte d'Ivoire,2.Media,3873.737,3314.1286666666665,0
CIV,Côte d'Ivoire,3.Alta,19.442999999999998,611.011,0
CIV,Côte d'Ivoire,9.SD,6.397,130.13366666666667,346.1275
CMR,Cameroon,1.Baja,3.897,530.908,2.413
CMR,Cameroon,2.Media,3983.941,2940.27,0
CMR,Cameroon,3.Alta,22.43,890.032,4.235
CMR,Cameroon,9.SD,0,46.736,3.814
COD,"Congo, Democratic Republic of the",1.Baja,1611.2265,1376.278,185.6665
COD,"Congo, Democratic Republic of the",2.Media,18477.716,7418.452,273.7545
COD,"Congo, Democratic Republic of the",3.Alta,30.508,3418.553,111.7295
COD,"Congo, Democratic Republic of the",9.SD,73.839,505.636,143.0125
COG,Congo,1.Baja,0,65.102,0
COG,Congo,2.Media,38.834,685.2909999999999,4.035
COG,Congo,3.Alta,0,172.30599999999998,4.181
COG,Congo,9.SD,0,51.976,0
COK,Cook Islands,1.Baja,0,1.0175,0
COK,Cook Islands,2.Media,0.3225,3.4844999999999997,0
COK,Cook Islands,3.Alta,0.063,2.718,0
COK,Cook Islands,9.SD,0,0,0.876
COL,Colombia,1.Baja,336.1670909090909,1480.2227272727273,0.4411111111111111
COL,Colombia,2.Media,1837.3682727272728,8712.135727272727,1.598818181818182
COL,Colombia,3.Alta,1275.573818181818,6510.185181818182,1.2075454545454545
COL,Colombia,9.SD,0,0.8044,0.7892727272727272
COM,Comoros,1.Baja,0.127,5.421,0
COM,Comoros,2.Media,65.507,71.446,0
COM,Comoros,3.Alta,0.204,27.227,0
COM,Comoros,9.SD,0,3.367,0
CPV,Cape Verde,1.Baja,11.4006,34.3834,0.31066666666666665
CPV,Cape Verde,2.Media,12.458,84.6796,0.896
CPV,Cape Verde,3.Alta,0.1018,27.962,0.272
CPV,Cape Verde,9.SD,0.1895,0.825,1.305
CRI,Costa Rica,1.Baja,125.76490909090909,346.2339090909091,0.7919090909090909
CRI,Costa Rica,2.Media,160.66272727272727,974.8086363636363,2.5676363636363635
CRI,Costa Rica,3.Alta,7.169818181818182,437.8931818181818,1.815
CRI,Costa Rica,9.SD,0.9205714285714286,15.092545454545455,3.2095454545454545
CUB,Cuba,1.Baja,327.162,647.5606666666666,27.02766666666667
CUB,Cuba,2.Media,684.2725,1623.085,28.916999999999998
CUB,Cuba,3.Alta,143.257,1479.8005,10.523
CYM,Cayman Islands,1.Baja,0.0282,2.5625999999999998,0.015
CYM,Cayman Islands,2.Media,0.207,5.84425,0.027
CYM,Cayman Islands,3.Alta,0.019,14.055,0.0465
CYM,Cayman Islands,9.SD,0,0.027,0.353
CYP,Cyprus,1.Baja,3.9262727272727274,56.392818181818186,0
CYP,Cyprus,2.Media,8.315636363636363,176.73727272727274,0
CYP,Cyprus,3.Alta,0.44572727272727275,131.5210909090909,0
CYP,Cyprus,9.SD,0.209,5.139,0
CZE,Czechia,1.Baja,11.615636363636364,275.21945454545454,0
CZE,Czechia,2.Media,107.09981818181818,2704.344090909091,0
CZE,Czechia,3.Alta,28.432545454545455,1914.6577272727272,0
CZE,Czechia,9.SD,0,3.1211,0.29185714285714287
DEU,Germany,1.Baja,101.26781818181819,3117.277727272727,0
DEU,Germany,2.Media,424.33654545454544,18516.057818181816,0
DEU,Germany,3.Alta,50.27490909090909,17548.261181818183,0
DEU,Germany,9.SD,0.09233333333333332,333.1868181818182,0
DJI,Djibouti,1.Baja,0,7.5329999999999995,0.858
DJI,Djibouti,2.Media,0.779,35.407,3.276
DJI,Djibouti,3.Alta,0,22.506999999999998,1.116
DJI,Djibouti,9.SD,0,9.491000000000001,1.428
DNK,Denmark,1.Baja,12.187727272727273,258.3434545454545,1.2193636363636364
DNK,Denmark,2.Media,49.63554545454546,1107.3616363636363,2.2722727272727274
DNK,Denmark,3.Alta,3.980909090909091,1263.9192727272728,1.848
DNK,Denmark,9.SD,0.15416666666666667,18.57690909090909,3.2916363636363637
DOM,Dominican Republic,1.Baja,157.79463636363636,711.832,0
DOM,Dominican Republic,2.Media,265.005,2179.4441818181817,0
DOM,Dominican Republic,3.Alta,5.3799090909090905,699.2737272727272,0
DOM,Dominican Republic,9.SD,0,31.653363636363636,0
DZA,Algeria,1.Baja,232,1287,0
DZA,Algeria,2.Media,650,6211,0
DZA,Algeria,3.Alta,15,1727,0
DZA,Algeria,9.SD,1,114,0
ECU,Ecuador,1.Baja,802.748,973.1927272727272,0
ECU,Ecuador,2.Media,1101.9632727272726,3095.0145454545454,0
ECU,Ecuador,3.Alta,17.557454545454547,937.898,0
ECU,Ecuador,9.SD,0,30.45918181818182,0
EGY,Egypt,1.Baja,137.4898,1889.8146,2.8561666666666667
EGY,Egypt,2.Media,5043.1264,9860.8656,5.880375
EGY,Egypt,3.Alta,1222.6563,6408.8864,10.939833333333334
EGY,Egypt,9.SD,0,9.390666666666666,11.51525
ESP,Spain,1.Baja,302.853,2076.320090909091,0
ESP,Spain,2.Media,419.3082727272727,9323.469454545455,0
ESP,Spain,3.Alta,38.876636363636365,6158.9764545454545,0
ESP,Spain,9.SD,0,89.77254545454545,0
EST,Estonia,1.Baja,3.9136363636363636,50.77727272727273,0
EST,Estonia,2.Media,16.656909090909092,278.41518181818185,0.06825
EST,Estonia,3.Alta,4.078090909090909,266.1049090909091,0.115625
EST,Estonia,9.SD,0,3.250363636363636,0.4985555555555556
ETH,Ethiopia,1.Baja,6696.448,3336.095,0
ETH,Ethiopia,2.Media,18456.512,5394.502,0
ETH,Ethiopia,3.Alta,60.164,1539.027,0
ETH,Ethiopia,9.SD,2.395,12.854000000000001,0
FIN,Finland,1.Baja,2.3814545454545453,159.6698181818182,0.6575454545454545
FIN,Finland,2.Media,90.8580909090909,1073.0746363636365,2.8273636363636365
FIN,Finland,3.Alta,7.662454545454546,1122.607909090909,1.642090909090909
FIN,Finland,9.SD,0,11.262272727272727,1.5896363636363637
FJI,Fiji,1.Baja,11.071666666666667,27.802333333333333,0
FJI,Fiji,2.Media,118.35633333333332,118.75166666666667,0
FJI,Fiji,3.Alta,1.186,62.766,0
FJI,Fiji,9.SD,0,1.6116666666666666,0
FRA,France,1.Baja,26.663363636363638,2544.470181818182,25.46481818181818
FRA,France,2.Media,649.439,10992.993272727272,88.845
FRA,France,3.Alta,53.31436363636364,11509.153727272727,81.21063636363637
FRA,France,9.SD,0.365,243.3769090909091,52.42436363636364
FSM,"Micronesia, Federated States of",1.Baja,1.414,2.6510000000000002,0
FSM,"Micronesia, Federated States of",2.Media,10.875,8.728,0
FSM,"Micronesia, Federated States of",3.Alta,0,6.481,0
FSM,"Micronesia, Federated States of",9.SD,0,0,5.366
GBR,United Kingdom of Great Britain and Northern Ireland,1.Baja,75.84272727272727,2609.202818181818,100.99236363636363
GBR,United Kingdom of Great Britain and Northern Ireland,2.Media,180.35981818181818,12248.662909090908,455.21481818181815
GBR,United Kingdom of Great Britain and Northern Ireland,3.Alta,83.47,14384.184454545455,458.85227272727275
GBR,United Kingdom of Great Britain and Northern Ireland,9.SD,0,85.20763636363637,20.245818181818183
GEO,Georgia,1.Baja,13.743636363636364,80.77263636363637,0
GEO,Georgia,2.Media,734.0612727272727,401.82836363636363,0
GEO,Georgia,3.Alta,2.5906363636363636,426.3377272727273,0
GEO,Georgia,9.SD,0,11.588181818181818,4.361
GHA,Ghana,1.Baja,132.72675,415.7825,2.1115
GHA,Ghana,2.Media,4325.181,4842.43225,7.3133333333333335
GHA,Ghana,3.Alta,13.5875,1021.798,3.1455
GHA,Ghana,9.SD,2.141,11.08825,52.7425
GIN,Guinea,1.Baja,1.09,42.18,0
GIN,Guinea,2.Media,1729.38,1407.23,0.2
GIN,Guinea,3.Alta,3.67,100.9,0.39
GIN,Guinea,9.SD,0.7,49.05,0
GMB,Gambia,1.Baja,15.4555,97.386,0.6865
GMB,Gambia,2.Media,254.8655,219.519,3.2060000000000004
GMB,Gambia,3.Alta,0.531,54.3365,0.1395
GMB,Gambia,9.SD,2.7039999999999997,14.1195,19.688
GNB,Guinea-Bissau,1.Baja,4.736,20.981,0
GNB,Guinea-Bissau,2.Media,47.422,95.849,0
GNB,Guinea-Bissau,3.Alta,2.289,66.442,0.251
GNB,Guinea-Bissau,9.SD,0.164,5.888999999999999,283.253
GRC,Greece,1.Baja,29.335,239.8088181818182,0
GRC,Greece,2.Media,420.6077272727273,1838.598,0
GRC,Greece,3.Alta,2.5460000000000003,1177.921,0
GRC,Greece,9.SD,0,60.23490909090909,0.243
GRD,Grenada,1.Baja,2.959,18.231,0
GRD,Grenada,2.Media,8.679499999999999,59.239999999999995,0
GRD,Grenada,3.Alta,0.2635,23.7765,0
GRD,Grenada,9.SD,0,8.4095,0
GTM,Guatemala,1.Baja,931.9904,726.5665,0
GTM,Guatemala,2.Media,1046.0549,2821.4663,2.3355
GTM,Guatemala,3.Alta,9.858,640.8487,0
GTM,Guatemala,9.SD,12.953,4.7297,4.5360000000000005
GUY,Guyana,1.Baja,10.780999999999999,36.8815,0.189
GUY,Guyana,2.Media,25.8785,122.589,0.4125
GUY,Guyana,3.Alta,1.5565,45.316500000000005,0.097
GUY,Guyana,9.SD,0.11950000000000001,2.3695000000000004,5.185499999999999
HKG,"Hong Kong, China",1.Baja,0,612.1229999999999,65.52045454545454
HKG,"Hong Kong, China",2.Media,0,1246.1878,212.5712727272727
HKG,"Hong Kong, China",3.Alta,0,1226.9294545454545,140.4029090909091
HKG,"Hong Kong, China",9.SD,0,137.5368,63.862
HND,Honduras,1.Baja,463.1259090909091,393.79090909090905,1.455125
HND,Honduras,2.Media,616.0758181818181,1327.0967272727273,2.2234
HND,Honduras,3.Alta,10.278363636363636,576.2437272727273,0.5976666666666667
HND,Honduras,9.SD,0.22683333333333333,3.396727272727273,4.62275
HRV,Croatia,1.Baja,13.325909090909091,103.79354545454545,0
HRV,Croatia,2.Media,137.52036363636364,774.0309090909091,0.1989
HRV,Croatia,3.Alta,8.742727272727272,537.7741818181818,0.09685714285714286
HRV,Croatia,9.SD,0,12.352181818181817,1.3581818181818182
HUN,Hungary,1.Baja,27.856181818181817,366.3756363636364,0
HUN,Hungary,2.Media,149.92054545454545,2088.5777272727273,0
HUN,Hungary,3.Alta,20.033363636363635,1416.4305454545454,0
HUN,Hungary,9.SD,0,19.107636363636363,8.616
IDN,Indonesia,1.Baja,5364.930111111111,14210.468333333332,47.504000000000005
IDN,Indonesia,2.Media,34258.77988888889,50610.475,9.315999999999999
IDN,Indonesia,3.Alta,132.49755555555555,11254.325222222222,3.1390000000000002
IDN,Indonesia,9.SD,9.304666666666668,685.7004444444444,0
IMN,Isle of Man,1.Baja,0.1395,2.8305,0
IMN,Isle of Man,2.Media,0.593,17.415,0
IMN,Isle of Man,3.Alta,0.0975,14.071,0
IND,India,1.Baja,49476.67133333333,44399.95,758.137
IND,India,2.Media,106752.38333333333,102144.676,225.11
IND,India,3.Alta,2135.2346666666667,54904.874,1.765
IND,India,9.SD,4636.812666666667,2752.628,73.082
IRL,Ireland,1.Baja,14.678636363636365,160.34463636363637,0.4552727272727273
IRL,Ireland,2.Media,85.03827272727273,899.7806363636364,1.238909090909091
IRL,Ireland,3.Alta,8.141636363636364,865.979909090909,1.113909090909091
IRL,Ireland,9.SD,1.2415454545454545,13.447272727272727,2.860181818181818
IRN,"Iran, Islamic Republic of",1.Baja,653.8778181818182,2700.762909090909,10.1773
IRN,"Iran, Islamic Republic of",2.Media,3044.802090909091,10782.488636363636,72.21518181818182
IRN,"Iran, Islamic Republic of",3.Alta,26.214636363636366,3784.336090909091,31.563363636363636
IRN,"Iran, Islamic Republic of",9.SD,0.33955555555555555,479.3954545454545,1.2848
ISL,Iceland,1.Baja,0.5866363636363636,10.34690909090909,0
ISL,Iceland,2.Media,6.206727272727273,73.7639090909091,0.08245454545454546
ISL,Iceland,3.Alta,1.338090909090909,86.74818181818182,0.15336363636363637
ISL,Iceland,9.SD,0.1795,0.7499090909090909,0.17472727272727273
ISR,Israel,1.Baja,5.794727272727273,205.5998181818182,4.768818181818181
ISR,Israel,2.Media,24.67175,1416.809125,15.919375
ISR,Israel,3.Alta,6.352625,1594.1774545454546,17.778333333333332
ISR,Israel,9.SD,0.298,180.13162499999999,46.78225
ITA,Italy,1.Baja,292.17109090909094,2143.4378181818183,0
ITA,Italy,2.Media,517.7564545454545,11248.802090909092,0
ITA,Italy,3.Alta,36.98709090909091,8172.548636363636,0
ITA,Italy,9.SD,0,244.5578181818182,0
JAM,Jamaica,1.Baja,12.972142857142858,130.9242857142857,0.22728571428571429
JAM,Jamaica,2.Media,192.93785714285715,542.9462857142858,0.7996666666666666
JAM,Jamaica,3.Alta,0.8577142857142857,233.32714285714286,0.7957142857142857
JAM,Jamaica,9.SD,0.105,2.6875,0.5023333333333333
JOR,Jordan,1.Baja,6.283666666666667,217.11499999999998,0
JOR,Jordan,2.Media,68.96433333333333,1386.4883333333335,0
JOR,Jordan,3.Alta,1.092,508.194,0
JOR,Jordan,9.SD,0,0,0
JPN,Japan,1.Baja,55.412636363636366,8797.546181818181,18.281
JPN,Japan,2.Media,2197.1287272727272,38414.68618181818,570.0725
JPN,Japan,3.Alta,16.912,12380.846272727273,104.626
JPN,Japan,9.SD,1.6453333333333333,1410.4558181818181,0
KEN,Kenya,1.Baja,3175.526,3419.357,0
KEN,Kenya,2.Media,3029.615,6438.835,0
KEN,Kenya,3.Alta,77.689,2506.177,0
KEN,Kenya,9.SD,5.538,68.749,0
KGZ,Kyrgyzstan,1.Baja,47.7584,267.7557,0
KGZ,Kyrgyzstan,2.Media,539.1374,1007.5732,0
KGZ,Kyrgyzstan,3.Alta,2.3057,416.8068,0
KGZ,Kyrgyzstan,9.SD,0.5065,4.8224,0
KHM,Cambodia,1.Baja,658.4229,485.9776,0
KHM,Cambodia,2.Media,3125.9446,3527.013,0
KHM,Cambodia,3.Alta,1.440125,461.0817,0
KHM,Cambodia,9.SD,0,65.6434,0
KIR,Kiribati,1.Baja,3.2554999999999996,2.1105,0
KIR,Kiribati,2.Media,2.1975000000000002,12.274999999999999,0
KIR,Kiribati,3.Alta,0.1175,6.554,0
KIR,Kiribati,9.SD,0,0.127,0
KOR,Republic of Korea,1.Baja,102.59563636363636,3260.58,0
KOR,Republic of Korea,2.Media,1323.4811818181818,11164.213,0
KOR,Republic of Korea,3.Alta,15.197818181818182,9792.487181818182,0
KOR,Republic of Korea,9.SD,0,75.83583333333333,74.99711111111111
KOS,Kosovo,1.Baja,5.913625,60.3065,0
KOS,Kosovo,2.Media,10.56375,153.805875,0
KOS,Kosovo,3.Alta,0.37675,102.561,0
KOS,Kosovo,9.SD,0.19166666666666665,7.552666666666666,0.6965
LAO,Lao People's Democratic Republic,1.Baja,22.1735,162.78300000000002,14.8605
LAO,Lao People's Democratic Republic,2.Media,1825.0775,432.206,76.019
LAO,Lao People's Democratic Republic,3.Alta,4.221,282.03150000000005,15.2965
LAO,Lao People's Democratic Republic,9.SD,0.2855,47.3905,1.8745
LBN,Lebanon,1.Baja,15.908,225.729,0
LBN,Lebanon,2.Media,39.135,793.796,0.402
LBN,Lebanon,3.Alta,1.549,436.397,0.648
LBN,Lebanon,9.SD,0,75.661,5.329
LBR,Liberia,1.Baja,61.1015,53.6735,10.3415
LBR,Liberia,2.Media,281.985,268.12149999999997,63.848000000000006
LBR,Liberia,3.Alta,2.8205,93.03049999999999,17.753999999999998
LBR,Liberia,9.SD,6.6745,10.81,371.915
LCA,Saint Lucia,1.Baja,1.5783333333333334,10.759666666666666,0.028666666666666663
LCA,Saint Lucia,2.Media,6.767333333333333,42.083999999999996,0.05633333333333334
LCA,Saint Lucia,3.Alta,0,17.862666666666666,0
LCA,Saint Lucia,9.SD,0,0,2.8213333333333335
LKA,Sri Lanka,1.Baja,725.5807272727272,989.2538181818182,88.627
LKA,Sri Lanka,2.Media,1386.2804545454546,3037.368727272727,114.071
LKA,Sri Lanka,3.Alta,37.868818181818185,1437.7352727272728,6.7683333333333335
LKA,Sri Lanka,9.SD,111.760625,47.16788888888889,0
LSO,Lesotho,1.Baja,43.131,132.097,0
LSO,Lesotho,2.Media,149.153,239.826,0
LSO,Lesotho,3.Alta,0.266,78.189,0
LSO,Lesotho,9.SD,0,2.739,0
LTU,Lithuania,1.Baja,12.414636363636363,100.51236363636363,0
LTU,Lithuania,2.Media,89.06581818181819,555.084,0
LTU,Lithuania,3.Alta,7.563,549.8734545454546,0
LTU,Lithuania,9.SD,0,4.611545454545454,0
LUX,Luxembourg,1.Baja,0.0315,19.728454545454547,1.0416363636363637
LUX,Luxembourg,2.Media,2.5926363636363634,74.63754545454546,4.104363636363637
LUX,Luxembourg,3.Alta,0.1334,133.461,8.348
LUX,Luxembourg,9.SD,0,2.382090909090909,4.081
LVA,Latvia,1.Baja,14.697545454545454,100.49845454545455,0
LVA,Latvia,2.Media,44.85481818181818,362.956,0
LVA,Latvia,3.Alta,9.927272727272728,350.0164545454545,0
LVA,Latvia,9.SD,0,5.088454545454545,0.111
MAC,"Macau, China",1.Baja,0,17.3,0
MAC,"Macau, China",3.Alta,0,8.35,0
MAR,Morocco,1.Baja,1202.43,1547.45,53.43
MAR,Morocco,2.Media,1017.96,4457.01,117.81
MAR,Morocco,3.Alta,14.38,919.23,49.02
MAR,Morocco,9.SD,6.92,118.64,60.45
MDA,Republic of Moldova,1.Baja,136.51690909090908,90.99872727272728,0
MDA,Republic of Moldova,2.Media,804.6366363636364,344.71381818181817,0
MDA,Republic of Moldova,3.Alta,9.555454545454545,292.24363636363637,0
MDA,Republic of Moldova,9.SD,0,4.882090909090909,1.373
MDG,Madagascar,1.Baja,4200.255,506.0715,0
MDG,Madagascar,2.Media,3413.3824999999997,1739.9385,16.763
MDG,Madagascar,3.Alta,8.304499999999999,378.869,0
MDG,Madagascar,9.SD,9.8465,361.85650000000004,0
MDV,Maldives,1.Baja,0.5356666666666667,17.649250000000002,0.346
MDV,Maldives,2.Media,15.95225,65.74375,0.97175
MDV,Maldives,3.Alta,0.432,52.68225,0.8553333333333333
MDV,Maldives,9.SD,0.021,3.3695,2.3015
MEX,Mexico,1.Baja,3719.6792727272727,5746.713545454545,204.17045454545456
MEX,Mexico,2.Media,2728.9087272727274,26593.38990909091,796.9314545454546
MEX,Mexico,3.Alta,116.83563636363637,8687.178272727273,97.5759090909091
MEX,Mexico,9.SD,181.0206,483.50463636363634,22.188727272727274
MHL,Marshall Islands,1.Baja,0.262,2.118,0
MHL,Marshall Islands,2.Media,0.718,7.522,0
MHL,Marshall Islands,3.Alta,0.073,5.498,0
MHL,Marshall Islands,9.SD,0,0.069,0
MKD,North Macedonia,1.Baja,84.58127272727273,48.76072727272727,0
MKD,North Macedonia,2.Media,29.253636363636364,326.9616363636364,0
MKD,North Macedonia,3.Alta,2.6203636363636362,191.64845454545454,0
MKD,North Macedonia,9.SD,0,6.049090909090909,0.32225
MLI,Mali,1.Baja,5.49,112.27685714285714,0
MLI,Mali,2.Media,3617.903142857143,1538.1971428571428,0
MLI,Mali,3.Alta,2.7365714285714287,211.09785714285715,0
MLI,Mali,9.SD,3.7,39.22614285714286,61.882
MLT,Malta,1.Baja,0.14,18.190454545454546,0
MLT,Malta,2.Media,1.8561818181818182,93.42354545454546,0
MLT,Malta,3.Alta,0.2769090909090909,79.33881818181818,0
MLT,Malta,9.SD,0,1.8414545454545455,0
MMR,Myanmar,1.Baja,2543.8168,1678.657,28.96
MMR,Myanmar,2.Media,8582.599,7738.678,85.5735
MMR,Myanmar,3.Alta,22.4346,1134.6454,6.247
MMR,Myanmar,9.SD,0.4075,16.22,1216.6100000000001
MNE,Montenegro,1.Baja,1.9983333333333333,13.973222222222223,0
MNE,Montenegro,2.Media,12.069888888888888,108.32777777777778,0
MNE,Montenegro,3.Alta,0.6843333333333333,81.08588888888889,0
MNE,Montenegro,9.SD,0,0.9034444444444445,0
MNG,Mongolia,1.Baja,2.0442727272727272,76.95627272727273,0
MNG,Mongolia,2.Media,345.05572727272727,419.6328181818182,1.143
MNG,Mongolia,3.Alta,2.658090909090909,269.5269090909091,0.438
MNG,Mongolia,9.SD,0,4.766181818181818,24.06
MOZ,Mozambique,1.Baja,77.688,347.999,0
MOZ,Mozambique,2.Media,7002.155,2004.28,1.773
MOZ,Mozambique,3.Alta,3.855,374.523,0
MOZ,Mozambique,9.SD,0,11.834,5.67
MUS,Mauritius,1.Baja,17.054454545454547,71.41681818181819,0
MUS,Mauritius,2.Media,20.50672727272727,298.5200909090909,0
MUS,Mauritius,3.Alta,1.0022727272727272,116.74081818181818,0.0745
MUS,Mauritius,9.SD,0,0.018625,2.1266363636363637
MWI,Malawi,1.Baja,1041.663,191.631,1.827
MWI,Malawi,2.Media,2728.915,1537.5149999999999,87.397
MWI,Malawi,3.Alta,5.799,211.203,11.515
MWI,Malawi,9.SD,0,0,336.783
MYS,Malaysia,1.Baja,311.05,1051.7833333333333,0
MYS,Malaysia,2.Media,1257.4666666666667,5834.716666666667,0
MYS,Malaysia,3.Alta,39.41666666666667,3196.7333333333336,0
NAM,Namibia,1.Baja,34.29833333333333,105.5175,0.42500000000000004
NAM,Namibia,2.Media,133.03533333333334,246.83083333333335,1.0655999999999999
NAM,Namibia,3.Alta,3.2258333333333336,105.638,0.7893333333333333
NAM,Namibia,9.SD,9.104166666666666,26.265666666666668,1.4106666666666667
NER,Niger,1.Baja,29.880499999999998,174.793,0
NER,Niger,2.Media,3044.616,1066.246,0
NER,Niger,3.Alta,12.328,222.8125,2.563
NER,Niger,9.SD,34.171,210.6195,16.7395
NGA,Nigeria,1.Baja,713.8009999999999,1639.85,100.5975
NGA,Nigeria,2.Media,20452.127500000002,15321.491,450.52200000000005
NGA,Nigeria,3.Alta,598.49,15749.9455,223.0365
NGA,Nigeria,9.SD,66.07900000000001,819.026,422.672
NIC,Nicaragua,1.Baja,488.0845,496.151,0
NIC,Nicaragua,2.Media,366.5335,1051.4675000000002,0.372
NIC,Nicaragua,3.Alta,21.7185,343.4355,0.265
NIC,Nicaragua,9.SD,0,10.1595,13.3255
NIU,Niue,1.Baja,0.018,0.041999999999999996,0
NIU,Niue,2.Media,0.031,0.319,0
NIU,Niue,3.Alta,0.017,0.317,0
NLD,Netherlands,1.Baja,19.01181818181818,617.0883636363636,88.64418181818182
NLD,Netherlands,2.Media,127.73518181818181,3163.3234545454543,295.31754545454544
NLD,Netherlands,3.Alta,36.551818181818184,3650.5025454545453,327.7394545454545
NLD,Netherlands,9.SD,0.8015454545454546,93.87345454545455,29.123363636363635
NOR,Norway,1.Baja,1.4624545454545455,97.2129090909091,0.5822857142857143
NOR,Norway,2.Media,52.43909090909091,1133.1141818181818,1.3245454545454545
NOR,Norway,3.Alta,4.663545454545455,1271.0256363636363,1.3355555555555556
NOR,Norway,9.SD,0,40.14654545454545,2.4013636363636364
NPL,Nepal,1.Baja,529.753,909.7230000000001,0
NPL,Nepal,2.Media,1341.965,3615.226,0
NPL,Nepal,3.Alta,9.884,969.047,0
NPL,Nepal,9.SD,0,21.619,0
NRU,Naoero,1.Baja,0,0.753,0
NRU,Naoero,2.Media,0.074,1.942,0
NRU,Naoero,3.Alta,0.018,0.8380000000000001,0
NRU,Naoero,9.SD,0,0,0.146
PAK,Pakistan,1.Baja,2473.9239,6226.8592,0
PAK,Pakistan,2.Media,19168.7267,17922.2678,0
PAK,Pakistan,3.Alta,51.2752,6866.2594,0
PAK,Pakistan,9.SD,4.1685,9.567333333333334,0
PAN,Panama,1.Baja,53.683,258.5377272727273,0
PAN,Panama,2.Media,205.03254545454544,715.6119090909091,0
PAN,Panama,3.Alta,4.329818181818182,385.91254545454547,0
PAN,Panama,9.SD,0.094,12.236250000000002,0
PER,Peru,1.Baja,2404.286818181818,3243.3063636363636,0
PER,Peru,2.Media,2042.5024545454546,6615.311,0
PER,Peru,3.Alta,18.374454545454544,2390.890909090909,0
PER,Peru,9.SD,0,115.25663636363636,60.38481818181818
PHL,Philippines,1.Baja,5533.48175,6202.054625,0
PHL,Philippines,2.Media,5175.82875,13222.821125,0
PHL,Philippines,3.Alta,279.398625,9028.71475,0
PHL,Philippines,9.SD,10.6142,284.92875000000004,0
PLW,Palau,1.Baja,0,1.2530000000000001,0
PLW,Palau,2.Media,0.212,4.5489999999999995,0
PLW,Palau,3.Alta,0,2.59,0
PLW,Palau,9.SD,0,0,0.16
PNG,Papua New Guinea,1.Baja,87.62,549.194,0
PNG,Papua New Guinea,2.Media,282.419,373.012,24.129
PNG,Papua New Guinea,3.Alta,2.71,152.576,1.792
PNG,Papua New Guinea,9.SD,0,0,466.764
POL,Poland,1.Baja,86.73481818181818,990.8538181818182,4.421909090909091
POL,Poland,2.Media,1682.735909090909,7142.7245454545455,8.131727272727273
POL,Poland,3.Alta,52.86936363636364,5828.4404545454545,11.061
POL,Poland,9.SD,1.8842,124.02827272727272,107.18681818181818
PRI,Puerto Rico,1.Baja,0,34.19,0.238
PRI,Puerto Rico,2.Media,10.651,656.8530000000001,5.663
PRI,Puerto Rico,3.Alta,3.671,356.295,0.961
PRI,Puerto Rico,9.SD,0,0.211,0
PRT,Portugal,1.Baja,21.328545454545456,502.1338181818182,0
PRT,Portugal,2.Media,376.3036363636364,2250.1275454545453,0
PRT,Portugal,3.Alta,10.218454545454545,1526.0996363636364,0
PRT,Portugal,9.SD,0,25.420909090909092,0
PRY,Paraguay,1.Baja,98.27827272727272,495.2506363636364,0
PRY,Paraguay,2.Media,566.1963636363637,1321.1029090909092,0
PRY,Paraguay,3.Alta,5.935272727272728,524.9187272727273,0
PRY,Paraguay,9.SD,0,6.686,2.1967777777777777
PSE,"Palestine, State of",1.Baja,25.68318181818182,123.663,0
PSE,"Palestine, State of",2.Media,51.57663636363636,412.1864545454545,0
PSE,"Palestine, State of",3.Alta,1.0030000000000001,205.03854545454544,0
PSE,"Palestine, State of",9.SD,0.64925,56.28375,207.33
QAT,Qatar,1.Baja,5.9415,315.412,0
QAT,Qatar,2.Media,12.837,827.738,0
QAT,Qatar,3.Alta,0.383,241.7185,0
REU,Réunion,2.Media,9.894,125.124,1.657
REU,Réunion,3.Alta,0.727,82.926,0.76
REU,Réunion,1.Baja,0,13.69,0.78
ROU,Romania,1.Baja,319.1648181818182,560.7042727272727,0
ROU,Romania,2.Media,1938.612,3823.2116363636364,0
ROU,Romania,3.Alta,40.07218181818182,1908.1256363636364,0
ROU,Romania,9.SD,0,71.10618181818181,0
RUS,Russian Federation,1.Baja,792.5772727272728,5908.035181818182,0
RUS,Russian Federation,2.Media,3385.400090909091,28264.32690909091,0
RUS,Russian Federation,3.Alta,683.3160909090909,29587.38209090909,0
RWA,Rwanda,1.Baja,928.8634999999999,666.096,0
RWA,Rwanda,2.Media,1453.69825,956.259,0
RWA,Rwanda,3.Alta,4.09775,247.685,0
RWA,Rwanda,9.SD,0,8.5485,0
SEN,Senegal,1.Baja,79.02866666666667,345.06,0
SEN,Senegal,2.Media,526.9813333333333,664.2863333333333,0
SEN,Senegal,3.Alta,3.502666666666667,197.346,0
SEN,Senegal,9.SD,573.6183333333333,1523.7766666666666,6.048
SGP,Singapore,1.Baja,0,132.1,3.0142857142857142
SGP,Singapore,3.Alta,0,878.2285714285714,13.628571428571428
SLB,Solomon Islands,1.Baja,4.005,7.22,0
SLB,Solomon Islands,2.Media,145.107,150.052,0
SLB,Solomon Islands,3.Alta,2.005,54.474000000000004,0
SLB,Solomon Islands,9.SD,0,0,48.315
SLE,Sierra Leone,1.Baja,14.293000000000001,111.711,1.232
SLE,Sierra Leone,2.Media,1344.2855,777.6945,2.6945
SLE,Sierra Leone,3.Alta,0.7375,131.352,1.526
SLE,Sierra Leone,9.SD,5.467,11.2095,21.5205
SLV,El Salvador,1.Baja,269.7303,467.8321,0
SLV,El Salvador,2.Media,229.01536363636365,1362.1638,0
SLV,El Salvador,3.Alta,3.2597272727272726,294.35354545454544,0
SLV,El Salvador,9.SD,133.998,8.7384,0
SOM,Somalia,1.Baja,120.286,274.554,0
SOM,Somalia,2.Media,81.733,178.554,0
SOM,Somalia,3.Alta,76.094,281.117,0
SOM,Somalia,9.SD,0,23.343000000000004,0
SRB,Serbia,1.Baja,43.173545454545454,176.73981818181818,0.38966666666666666
SRB,Serbia,2.Media,447.32509090909093,1131.8964545454546,1.634
SRB,Serbia,3.Alta,8.998272727272727,739.1314545454545,0.61675
SRB,Serbia,9.SD,0,14.252090909090908,0
STP,Sao Tome and Principe,1.Baja,1.037,3.634,0.477
STP,Sao Tome and Principe,2.Media,12.614,23.143,2.658
STP,Sao Tome and Principe,3.Alta,0.27,6.199,0.528
STP,Sao Tome and Principe,9.SD,0,0.596,1.533
SUR,Suriname,1.Baja,1.7320000000000002,14.271,0
SUR,Suriname,2.Media,4.422666666666666,71.289,0.9904999999999999
SUR,Suriname,3.Alta,0.7023333333333333,38.25233333333333,0.0385
SUR,Suriname,9.SD,0.3365,11.3105,3.051
SVK,Slovakia,1.Baja,9.184909090909091,142.78772727272727,107.177
SVK,Slovakia,2.Media,36.22536363636364,1015.8436363636364,365.354
SVK,Slovakia,3.Alta,9.819636363636363,599.8528181818182,194.06475
SVK,Slovakia,9.SD,34.964,120.88772727272728,323.90077777777776
SVN,Slovenia,1.Baja,21.676363636363636,50.36509090909091,0.3457272727272727
SVN,Slovenia,2.Media,44.440363636363635,416.2318181818182,1.163181818181818
SVN,Slovenia,3.Alta,2.2557272727272726,392.2461818181818,0.9962727272727273
SVN,Slovenia,9.SD,0.06263636363636364,10.751909090909091,3.335818181818182
SWE,Sweden,1.Baja,2.738,237.6151818181818,2.1457272727272727
SWE,Sweden,2.Media,80.72854545454545,2048.4854545454546,10.061545454545454
SWE,Sweden,3.Alta,9.488090909090909,2369.270727272727,10.319272727272727
SWE,Sweden,9.SD,0.0837,25.77481818181818,1.3907272727272728
SWZ,Eswatini,1.Baja,11.867,40.664,0
SWZ,Eswatini,2.Media,24.713,155.55,0
SWZ,Eswatini,3.Alta,1.093,51.427,0
SWZ,Eswatini,9.SD,0,0,6.65
SYC,Seychelles,1.Baja,0.1175,5.911833333333333,0.088
SYC,Seychelles,2.Media,1.3911666666666667,22.238999999999997,0.06725
SYC,Seychelles,3.Alta,0.08233333333333334,13.149166666666666,0.0275
SYC,Seychelles,9.SD,0,0.26949999999999996,0.3615
TCD,Chad,1.Baja,4.048,81.753,0
TCD,Chad,2.Media,3019.614,969.687,0
TCD,Chad,3.Alta,0,122.518,0
TCD,Chad,9.SD,0,98.56700000000001,0
TGO,Togo,1.Baja,8.8345,69.697,0.6925
TGO,Togo,2.Media,659.20275,970.7247500000001,9.00975
TGO,Togo,3.Alta,4.82675,195.67575,2.0475
TGO,Togo,9.SD,0.07,5.5616666666666665,723.569
THA,Thailand,1.Baja,1053.5326,3098.462,0.8685714285714285
THA,Thailand,2.Media,12410.2206,16628.7964,13.2805
THA,Thailand,3.Alta,36.898,4905.7271,12.108444444444444
THA,Thailand,9.SD,0,16.417875,42.97916666666667
TJK,Tajikistan,1.Baja,276.709,182.26,0
TJK,Tajikistan,2.Media,374.4795,751.094,9.351
TJK,Tajikistan,3.Alta,63.694500000000005,356.652,3.934
TJK,Tajikistan,9.SD,5.404,89.5405,1.517
TLS,Timor-Leste,1.Baja,25.17425,18.1865,0.0145
TLS,Timor-Leste,2.Media,174.47899999999998,95.91524999999999,0.30733333333333335
TLS,Timor-Leste,3.Alta,0.8947499999999999,40.11125,0.1105
TLS,Timor-Leste,9.SD,2.79,6.40425,0.37424999999999997
TON,Tonga,1.Baja,0.926,1.4065,0
TON,Tonga,2.Media,10.408000000000001,14.048,0.284
TON,Tonga,3.Alta,0.095,7.164999999999999,0.038
TON,Tonga,9.SD,0,0.3705,0
TTO,Trinidad and Tobago,1.Baja,5.986571428571429,110.75057142857143,0.1304
TTO,Trinidad and Tobago,2.Media,15.088857142857144,309.12014285714287,0.616
TTO,Trinidad and Tobago,3.Alta,1.1284285714285713,170.04328571428573,0.37466666666666665
TTO,Trinidad and Tobago,9.SD,0.5716666666666667,2.3007142857142857,1.3205
TUN,Tunisia,1.Baja,128.27625,471.13,34.768
TUN,Tunisia,2.Media,379.83525,1402.52925,75.961
TUN,Tunisia,3.Alta,8.10525,639.46275,45.02975
TUN,Tunisia,9.SD,2.23,12.253333333333334,62.282000000000004
TUR,Türkiye,1.Baja,1152.3806363636363,2685.8604545454546,0
TUR,Türkiye,2.Media,4407.297727272728,12097.994909090909,0
TUR,Türkiye,3.Alta,12.55790909090909,5379.452636363636,0
TUV,Tuvalu,1.Baja,0.025,0.257,0
TUV,Tuvalu,2.Media,0.5449999999999999,1.2,0
TUV,Tuvalu,3.Alta,0.1175,1.0425,0
TUV,Tuvalu,9.SD,0,0,0.277
TZA,"Tanzania, United Republic of",1.Baja,878.5963333333333,1191.27,0
TZA,"Tanzania, United Republic of",2.Media,8486.804333333333,2795.6833333333334,0
TZA,"Tanzania, United Republic of",3.Alta,3.751,619.9273333333333,0
TZA,"Tanzania, United Republic of",9.SD,71.085,2097.2215,7742.0815
UGA,Uganda,1.Baja,633.9313333333333,722.131,29.3575
UGA,Uganda,2.Media,8208.719333333333,2590.2836666666667,47.69725
UGA,Uganda,3.Alta,2.3881666666666663,740.5521666666666,15.042333333333334
UGA,Uganda,9.SD,77.4465,49.5025,442.30150000000003
UKR,Ukraine,1.Baja,2244.5385555555554,1422.2104444444444,0
UKR,Ukraine,2.Media,576.27,7174.186,0
UKR,Ukraine,3.Alta,195.7538888888889,6248.613,0
URY,Uruguay,1.Baja,50.832454545454546,263.26354545454546,0
URY,Uruguay,2.Media,92.5019090909091,841.9242727272728,0
URY,Uruguay,3.Alta,4.4884545454545455,339.404,0
URY,Uruguay,9.SD,0.10733333333333332,10.540272727272727,2.0915
USA,United States of America,1.Baja,316.7162727272727,12629.776818181817,0
USA,United States of America,2.Media,1024.3059090909092,64827.168545454544,0
USA,United States of America,3.Alta,1177.2148181818181,67153.94554545455,0
VEN,"Venezuela, Bolivarian Republic of",1.Baja,2.0300000000000002,52.47,0
VEN,"Venezuela, Bolivarian Republic of",2.Media,972.9125,9095.974,16.961166666666667
VEN,"Venezuela, Bolivarian Republic of",3.Alta,14.070333333333334,2406.9138333333335,7.378
VEN,"Venezuela, Bolivarian Republic of",9.SD,0.9813333333333333,82.46766666666667,48.822
VNM,Viet Nam,1.Baja,16616.950636363636,3500.8661818181818,5.405625
VNM,Viet Nam,2.Media,6149.405,20173.45409090909,35.699285714285715
VNM,Viet Nam,3.Alta,54.95990909090909,5494.280454545455,0.9241666666666667
VNM,Viet Nam,9.SD,0.46025,118.0308,6.068777777777778
VUT,Vanuatu,1.Baja,3.3463333333333334,5.732666666666667,0
VUT,Vanuatu,2.Media,51.696666666666665,23.789,0.3085
VUT,Vanuatu,3.Alta,0.211,10.377666666666666,0.093
VUT,Vanuatu,9.SD,0.0415,0.674,1.6055
WLF,Wallis and Futuna,2.Media,0.015,1.67,0
WLF,Wallis and Futuna,3.Alta,0,1.062,0
WLF,Wallis and Futuna,1.Baja,0,0.638,0
WLF,Wallis and Futuna,9.SD,0,0,0.844
WSM,Samoa,1.Baja,0.5173333333333333,2.5503333333333336,0
WSM,Samoa,2.Media,18.277333333333335,17.754666666666665,0
WSM,Samoa,3.Alta,0.08866666666666666,9.876666666666667,0
WSM,Samoa,9.SD,0,0,0
YEM,Yemen,1.Baja,96.361,305.371,1.1215000000000002
YEM,Yemen,2.Media,1006.3205,1352.1115,1.338
YEM,Yemen,3.Alta,0.9785,563.2384999999999,0.9864999999999999
YEM,Yemen,9.SD,0,26.164,0
ZAF,South Africa,1.Baja,574.8451818181818,3847.5067272727274,0
ZAF,South Africa,2.Media,158.46372727272728,6828.979909090909,1.1706363636363637
ZAF,South Africa,3.Alta,38.13154545454545,3677.610909090909,0.5279090909090909
ZAF,South Africa,9.SD,2.267,215.05536363636364,1.0098
ZMB,Zambia,1.Baja,179.7855,313.58500000000004,1.181
ZMB,Zambia,2.Media,2710.89625,1413.8207499999999,4.114
ZMB,Zambia,3.Alta,38.31475,427.40575,0.977
ZMB,Zambia,9.SD,20.296333333333333,10.8575,161.412
ZWE,Zimbabwe,1.Baja,273.361,456.29633333333334,0
ZWE,Zimbabwe,2.Media,3334.0523333333335,1098.7830000000001,0
ZWE,Zimbabwe,3.Alta,15.281,355.47433333333333,0
ZWE,Zimbabwe,9.SD,0,9.534666666666666,0
