ref_area,ref_area.label,catocup,1.Baja,2.Media,3.Alta,9.SD
AFG,Afghanistan,1.Asalariado_patr,486.921,847.9269999999999,345.81399999999996,163.677
AFG,Afghanistan,3.TCP_fliares,486.5885,3895.7365,51.147000000000006,44.870000000000005
AFG,Afghanistan,9.SD,0,1.519,0,374.558
AGO,Angola,1.Asalariado_patr,215.49325,1103.17375,642.09825,247.53050000000002
AGO,Angola,3.TCP_fliares,437.95125,4053.331,66.483,131.2725
AGO,Angola,9.SD,0.7585,4.48,4.701,97.67333333333333
ALB,Albania,1.Asalariado_patr,52.3912,274.4678,175.2876,5.9872
ALB,Albania,3.TCP_fliares,13.7136,602.4221,16.5888,0.074
ALB,Albania,9.SD,0,17.348,0,0
ARE,United Arab Emirates,1.Asalariado_patr,1138.498,2724.758333333333,2097.6416666666664,1245.8103333333333
ARE,United Arab Emirates,3.TCP_fliares,20.608666666666668,25.657,19.366,13.481
ARE,United Arab Emirates,9.SD,0,0,0.1765,2.441333333333333
ARG,Argentina,1.Asalariado_patr,1597.1538888888888,4268.158444444444,2328.8767777777775,653.13
ARG,Argentina,3.TCP_fliares,148.5211111111111,1467.014111111111,398.4095555555556,236.76611111111112
ARG,Argentina,9.SD,0,0.5376666666666666,0,0
ARM,Armenia,1.Asalariado_patr,70.73519999999999,262.1386,296.0836,0
ARM,Armenia,3.TCP_fliares,6.8069999999999995,405.9154,14.5728,0
ARM,Armenia,9.SD,1.01,0.04,0.05,0
AUS,Australia,1.Asalariado_patr,799.12,4648.454454545455,5173.792363636364,16.9197
AUS,Australia,3.TCP_fliares,104.74845454545455,506.60527272727273,465.1612727272727,1.41625
AUT,Austria,1.Asalariado_patr,345.26827272727274,1908.0417272727273,1502.3931818181818,10.952636363636364
AUT,Austria,3.TCP_fliares,13.409181818181818,213.909,156.63163636363637,0
AUT,Austria,9.SD,0,0,0,2.821727272727273
BEL,Belgium,1.Asalariado_patr,443.78972727272725,1732.226090909091,1704.8483636363635,27.230090909090908
BEL,Belgium,3.TCP_fliares,16.93581818181818,280.08618181818184,374.7377272727273,0
BEN,Benin,1.Asalariado_patr,17.61,312.90999999999997,162.98000000000002,10.63
BEN,Benin,3.TCP_fliares,13.41,2299.1400000000003,92.64,9.29
BEN,Benin,9.SD,0.34,14.09,1.61,0.34
BFA,Burkina Faso,1.Asalariado_patr,210.442,620.049,352.326,17.975
BFA,Burkina Faso,3.TCP_fliares,207.231,2656.744,219.22400000000002,19.592
BFA,Burkina Faso,9.SD,0,0,0,0
BGD,Bangladesh,1.Asalariado_patr,7848.835,12367.958999999999,3293.6473333333333,99.11233333333334
BGD,Bangladesh,3.TCP_fliares,6698.426666666666,26381.956000000002,820.5543333333334,0
BGD,Bangladesh,9.SD,18.872999999999998,161.3365,45.678,0
BGR,Bulgaria,1.Asalariado_patr,312.79163636363637,1540.5222727272726,803.6033636363636,25.064090909090908
BGR,Bulgaria,3.TCP_fliares,21.90281818181818,204.506,140.367,0
BHS,Bahamas,1.Asalariado_patr,29.590999999999998,105.12400000000001,54.3,0.128
BHS,Bahamas,3.TCP_fliares,1.436,16.656,3.043,0
BHS,Bahamas,9.SD,0,0,0,0.305
BIH,Bosnia and Herzegovina,1.Asalariado_patr,66.27763636363636,393.2998181818182,187.8489090909091,7.139818181818182
BIH,Bosnia and Herzegovina,3.TCP_fliares,18.60109090909091,143.26627272727274,3.4315454545454545,1.425
BLR,Belarus,1.Asalariado_patr,352.1162,2357.9004,1818.3794,112.25380000000001
BLR,Belarus,3.TCP_fliares,19.104,79.837,59.346399999999996,6.66
BLR,Belarus,9.SD,7.07,47.18,35.1,74.1
BLZ,Belize,1.Asalariado_patr,25.74416666666667,58.6225,21.639,1.4125
BLZ,Belize,3.TCP_fliares,6.7225,31.561166666666665,2.1413333333333333,0.0458
BLZ,Belize,9.SD,0,0,0,0
BOL,"Bolivia, Plurinational State of",1.Asalariado_patr,269.44759999999997,1106.0342,649.4254,48.045899999999996
BOL,"Bolivia, Plurinational State of",3.TCP_fliares,111.3614,2659.8876,134.0229,25.375333333333334
BOL,"Bolivia, Plurinational State of",9.SD,0,0,0,0
BRA,Brazil,1.Asalariado_patr,13724.9567,34543.9945,17516.9669,929.5129
BRA,Brazil,3.TCP_fliares,3340.6834,17783.610099999998,2968.2783,322.0127777777778
BRA,Brazil,9.SD,34.8545,173.7425,132.2585,6.576
BRB,Barbados,1.Asalariado_patr,16.856,49.369,16.057,53.067
BRB,Barbados,3.TCP_fliares,2.053,15.236,5.937,12.062
BRB,Barbados,9.SD,0,0,0,0.505
BRN,Brunei Darussalam,1.Asalariado_patr,30.690749999999998,77.306,75.25075,5.75575
BRN,Brunei Darussalam,3.TCP_fliares,0.94575,7.60475,2.362,0
BRN,Brunei Darussalam,9.SD,0,1.264,0,0
BTN,Bhutan,1.Asalariado_patr,8.9975,43.3985,43.8885,4.867
BTN,Bhutan,3.TCP_fliares,1.3159999999999998,197.7985,5.4725,0
BWA,Botswana,1.Asalariado_patr,156.04,264.13,116.66,0.17
BWA,Botswana,3.TCP_fliares,16.509999999999998,33.43,4.52,0
BWA,Botswana,9.SD,1.67,42.54,0.07,0
CHE,Switzerland,1.Asalariado_patr,227.8742727272727,1875.9856363636363,1872.2461818181819,15.399727272727272
CHE,Switzerland,3.TCP_fliares,19.480818181818183,248.58763636363636,206.57345454545455,1.2234545454545456
CHL,Chile,1.Asalariado_patr,1492.4365454545455,2946.907,1892.9028181818182,56.877
CHL,Chile,3.TCP_fliares,315.5271818181818,1139.025090909091,227.5379090909091,6.381636363636363
CIV,Côte d'Ivoire,1.Asalariado_patr,333.47933333333333,1263.3043333333335,474.12833333333333,273.379
CIV,Côte d'Ivoire,3.TCP_fliares,228.21066666666667,5815.822666666667,133.97333333333333,55.37266666666667
CIV,Côte d'Ivoire,9.SD,41.211999999999996,163.1085,33.5275,34.980666666666664
CMR,Cameroon,1.Asalariado_patr,216.936,1192.868,661.233,52.375
CMR,Cameroon,3.TCP_fliares,296.39799999999997,5693.727,232.98200000000003,0
CMR,Cameroon,9.SD,23.884,38.62,22.482,2.006
COD,"Congo, Democratic Republic of the",1.Asalariado_patr,858.515,3056.233,3302.532,359.92499999999995
COD,"Congo, Democratic Republic of the",3.TCP_fliares,2314.8095,23113.691000000003,259.8355,333.893
COD,"Congo, Democratic Republic of the",9.SD,0,0,0,171.682
COG,Congo,1.Asalariado_patr,56.95,419.601,168.948,52.819
COG,Congo,3.TCP_fliares,10.026,308.916,7.872,0
COK,Cook Islands,1.Asalariado_patr,0.9670000000000001,3.1985,2.4909999999999997,0
COK,Cook Islands,3.TCP_fliares,0.033,0.605,0.2835,0
COK,Cook Islands,9.SD,0.039,0,0.061,0.845
COL,Colombia,1.Asalariado_patr,1127.5312727272726,5435.8322727272725,3961.736636363636,1.1388
COL,Colombia,3.TCP_fliares,686.2756363636364,5103.424909090909,3820.605727272727,0.7767272727272727
COL,Colombia,9.SD,2.9854545454545454,11.907363636363636,4.651090909090909,0
COM,Comoros,1.Asalariado_patr,4.486,39.449999999999996,26.123,3.367
COM,Comoros,3.TCP_fliares,1.158,97.50200000000001,1.19,0
CPV,Cape Verde,1.Asalariado_patr,15.3065,41.745,18.2035,2.4705
CPV,Cape Verde,3.TCP_fliares,20.435499999999998,27.798499999999997,0.8815,0.986
CPV,Cape Verde,9.SD,1.454,3.634,0.827,1.373
CRI,Costa Rica,1.Asalariado_patr,412.1209090909091,735.3375454545454,390.9990909090909,18.520363636363637
CRI,Costa Rica,3.TCP_fliares,60.776363636363634,402.75036363636366,55.936727272727275,0.7028
CYP,Cyprus,1.Asalariado_patr,55.025,154.5762727272727,118.73418181818181,5.169090909090909
CYP,Cyprus,3.TCP_fliares,5.281454545454546,30.476545454545455,13.232818181818182,0
CZE,Czechia,1.Asalariado_patr,275.9281818181818,2365.136,1688.0553636363636,3.4629
CZE,Czechia,3.TCP_fliares,10.909363636363636,446.3441818181818,255.05436363636363,0
CZE,Czechia,9.SD,0,0,0.1245,0
DEU,Germany,1.Asalariado_patr,3109.807818181818,17426.677454545454,14898.496909090909,324.39045454545453
DEU,Germany,3.TCP_fliares,108.73845454545454,1513.7166363636363,2700.039181818182,11.7648
DJI,Djibouti,1.Asalariado_patr,5.968,17.642,22.026,9.706999999999999
DJI,Djibouti,3.TCP_fliares,2.384,20.625999999999998,1.493,0.533
DJI,Djibouti,9.SD,0.127,1.192,0.234,0.792
DNK,Denmark,1.Asalariado_patr,259.59090909090907,1051.3744545454545,1149.9581818181819,20.325
DNK,Denmark,3.TCP_fliares,12.159727272727274,107.895,119.78990909090909,2.2365555555555554
DOM,Dominican Republic,1.Asalariado_patr,542.2966363636364,1190.7404545454544,620.9069090909092,31.653363636363636
DOM,Dominican Republic,3.TCP_fliares,327.3299090909091,1253.7083636363636,83.74627272727272,0
ECU,Ecuador,1.Asalariado_patr,960.665090909091,2079.2137272727273,836.9937272727273,30.606636363636362
ECU,Ecuador,3.TCP_fliares,811.9183636363637,2115.3642727272727,118.36645454545454,0
ECU,Ecuador,9.SD,9.34525,6.60075,0.09825,0
EGY,Egypt,1.Asalariado_patr,1446.0194000000001,10356.5098,7287.7731,17.56288888888889
EGY,Egypt,3.TCP_fliares,582.9566,4549.2125,349.5782,3.803
EGY,Egypt,9.SD,0,15.288499999999999,3.825,0
ESP,Spain,1.Asalariado_patr,2318.7799090909093,7950.928909090909,4952.702,89.77254545454545
ESP,Spain,3.TCP_fliares,60.05645454545454,1789.1775454545455,1242.6862727272728,0
ESP,Spain,9.SD,0,0.9826363636363635,1.6855454545454545,0
EST,Estonia,1.Asalariado_patr,53.81390909090909,272.932,235.32136363636363,3.8345454545454545
EST,Estonia,3.TCP_fliares,0.8705454545454545,22.324454545454547,34.93081818181818,0.08533333333333333
ETH,Ethiopia,1.Asalariado_patr,1059.21,1748.592,1428.499,12.13
ETH,Ethiopia,3.TCP_fliares,8876.316,22057.779000000002,158.298,0
ETH,Ethiopia,9.SD,97.018,44.642,12.395,0
FIN,Finland,1.Asalariado_patr,156.23681818181817,968.0808181818181,1006.1582727272727,13.187363636363637
FIN,Finland,3.TCP_fliares,6.567818181818182,198.67963636363638,125.67572727272727,0
FJI,Fiji,1.Asalariado_patr,29.288333333333334,106.83866666666667,56.547,1.6476666666666666
FJI,Fiji,3.TCP_fliares,9.370666666666667,129.11766666666665,7.3053333333333335,0
FJI,Fiji,9.SD,0.11,0.18,0.17,0
FRA,France,1.Asalariado_patr,2583.224090909091,10641.135545454545,10850.685090909092,286.04954545454547
FRA,France,3.TCP_fliares,18.311125,1090.1414545454545,792.9935454545455,14.014142857142858
FRA,France,9.SD,0,0,0,2.142714285714286
FSM,"Micronesia, Federated States of",1.Asalariado_patr,1.666,7.1370000000000005,6.172,0
FSM,"Micronesia, Federated States of",3.TCP_fliares,2.158,12.434,0.093,0
FSM,"Micronesia, Federated States of",9.SD,0.24,0.035,0.242,5.352
GBR,United Kingdom of Great Britain and Northern Ireland,1.Asalariado_patr,2514.901363636364,11036.170181818183,13247.565636363637,102.90727272727273
GBR,United Kingdom of Great Britain and Northern Ireland,3.TCP_fliares,269.0641818181818,1834.2951818181818,1665.6922727272727,1.6858181818181817
GBR,United Kingdom of Great Britain and Northern Ireland,9.SD,3.4785,13.633000000000001,13.248454545454546,0.8306363636363636
GEO,Georgia,1.Asalariado_patr,83.26472727272727,274.8822727272727,408.1504545454545,11.712454545454545
GEO,Georgia,3.TCP_fliares,10.968454545454545,860.5845454545455,19.823363636363634,0
GEO,Georgia,9.SD,0.22325,0.6204999999999999,0.8729090909090909,4.8938749999999995
GHA,Ghana,1.Asalariado_patr,265.29825,2017.50975,896.8485,13.1165
GHA,Ghana,3.TCP_fliares,256.834,7076.15875,125.62575,28.925
GHA,Ghana,9.SD,27.931500000000003,80.4075,14.233,42.6
GIN,Guinea,1.Asalariado_patr,34.6285,335.2765,137.15300000000002,33.255
GIN,Guinea,3.TCP_fliares,72.85849999999999,2607.5755,33.259,7.88
GIN,Guinea,9.SD,0,0.08,0.27,0
GMB,Gambia,1.Asalariado_patr,45.900999999999996,71.6585,44.80050000000001,12.3455
GMB,Gambia,3.TCP_fliares,63.964000000000006,397.1,9.488,5.1465
GMB,Gambia,9.SD,7.164,17.663,1.001,38.407
GNB,Guinea-Bissau,1.Asalariado_patr,10.334,35.638,26.599999999999998,4.924
GNB,Guinea-Bissau,3.TCP_fliares,15.168,107.10600000000001,42.068999999999996,1.1179999999999999
GNB,Guinea-Bissau,9.SD,0.251,0.646,0.313,283.292
GRC,Greece,1.Asalariado_patr,238.7927777777778,1433.0095555555556,901.501,60.062444444444445
GRC,Greece,3.TCP_fliares,15.378,768.0744444444445,205.54477777777777,0
GRD,Grenada,1.Asalariado_patr,17.808500000000002,52.3455,21.976,0
GRD,Grenada,3.TCP_fliares,2.5965000000000003,15.322,2.067,0
GRD,Grenada,9.SD,0.6475,0,0,8.395499999999998
GTM,Guatemala,1.Asalariado_patr,1231.2669,2019.3552,541.9231,4.8167
GTM,Guatemala,3.TCP_fliares,427.3372,1848.643,109.0375,12.346499999999999
GTM,Guatemala,9.SD,0,0,0,0
GUY,Guyana,1.Asalariado_patr,37.6565,93.60300000000001,42.305,2.4204999999999997
GUY,Guyana,3.TCP_fliares,10.1955,55.278000000000006,4.6655,0.16649999999999998
GUY,Guyana,9.SD,0,0,0,5.0504999999999995
HKG,"Hong Kong, China",1.Asalariado_patr,688.8641,1355.6225000000002,1310.3818,143.13760000000002
HKG,"Hong Kong, China",3.TCP_fliares,9.9335,120.444,96.9436,7.2089
HND,Honduras,1.Asalariado_patr,551.1253636363637,1020.6024545454545,417.664,4.291727272727273
HND,Honduras,3.TCP_fliares,305.29236363636363,920.3643636363637,166.63363636363636,1.6195555555555554
HND,Honduras,9.SD,2.9685,5.882333333333333,5.227666666666667,0
HRV,Croatia,1.Asalariado_patr,108.46136363636364,730.9855454545454,468.84827272727273,14.129272727272728
HRV,Croatia,3.TCP_fliares,8.832,180.96636363636364,77.63954545454546,0
HUN,Hungary,1.Asalariado_patr,387.77727272727276,1965.7654545454545,1255.6979090909092,19.15909090909091
HUN,Hungary,3.TCP_fliares,6.454454545454546,272.73336363636366,180.76645454545454,0
HUN,Hungary,9.SD,0,0,0,8.616
IDN,Indonesia,1.Asalariado_patr,15642.893777777777,31152.16811111111,9962.099222222223,687.7435555555555
IDN,Indonesia,3.TCP_fliares,3943.061777777778,53719.15655555556,1425.421,3.0926666666666667
IND,India,1.Asalariado_patr,13526.067333333332,46895.517,27639.612666666664,577.599
IND,India,3.TCP_fliares,80055.88633333333,159533.05333333334,28507.628,6802.896666666667
IND,India,9.SD,547.3793333333333,2543.5253333333335,893.457,33.32733333333333
IRL,Ireland,1.Asalariado_patr,163.0261818181818,807.3470909090909,733.2605454545454,16.332545454545453
IRL,Ireland,3.TCP_fliares,12.487454545454545,178.71072727272727,141.97518181818182,1.2386363636363635
IRN,"Iran, Islamic Republic of",1.Asalariado_patr,2712.8054545454547,6250.486818181818,3404.9152727272726,480.34736363636364
IRN,"Iran, Islamic Republic of",3.TCP_fliares,651.0275454545455,7649.054,437.19872727272724,0.9309090909090909
ISL,Iceland,1.Asalariado_patr,10.35988888888889,67.96388888888889,76.02388888888889,0.9512222222222222
ISL,Iceland,3.TCP_fliares,0.32422222222222224,10.652555555555557,10.397777777777778,0.19557142857142856
ISL,Iceland,9.SD,0.158,0.5268,0.5538000000000001,0.1928
ISR,Israel,1.Asalariado_patr,207.146875,1321.8855,1592.3705,223.428625
ISR,Israel,3.TCP_fliares,6.14525,135.51487500000002,179.467625,2.603875
ISR,Israel,9.SD,0,0,0,1.151875
ITA,Italy,1.Asalariado_patr,2212.023,9188.119181818181,5514.429636363637,244.50854545454544
ITA,Italy,3.TCP_fliares,223.58554545454547,2578.439,2695.105727272727,1.1440000000000001
JAM,Jamaica,1.Asalariado_patr,117.799,383.0236666666667,182.02816666666666,3.1678333333333333
JAM,Jamaica,3.TCP_fliares,22.698,346.089,47.83316666666667,0.1192
JAM,Jamaica,9.SD,0.2718333333333333,1.3896666666666666,0.891,0.0595
JOR,Jordan,1.Asalariado_patr,211.51233333333334,1282.1066666666668,489.932,0
JOR,Jordan,3.TCP_fliares,11.886000000000001,173.345,19.35366666666667,0
JPN,Japan,1.Asalariado_patr,7911.354363636364,36805.403,11534.958818181818,1086.3829090909092
JPN,Japan,3.TCP_fliares,892.7210909090909,3787.7399090909094,880.8097272727273,60.474000000000004
JPN,Japan,9.SD,52.20709090909091,122.32118181818181,5.5665,264.40209090909093
KEN,Kenya,1.Asalariado_patr,2236.8669999999997,3414.447,1653.5529999999999,55.508
KEN,Kenya,3.TCP_fliares,4357.987,6051.869000000001,909.6980000000001,13.417
KEN,Kenya,9.SD,0,2.133,20.931,0
KGZ,Kyrgyzstan,1.Asalariado_patr,246.0711,751.9161,400.33320000000003,4.811999999999999
KGZ,Kyrgyzstan,3.TCP_fliares,57.8991,704.2064,18.7109,0.6654285714285715
KGZ,Kyrgyzstan,9.SD,16.260428571428573,100.61411111111111,0,0
KHM,Cambodia,1.Asalariado_patr,931.1268,2031.6265,396.4684,65.7706
KHM,Cambodia,3.TCP_fliares,212.2892,4617.1206999999995,64.6886,0
KHM,Cambodia,9.SD,0.4042,5.226857142857143,0.3762,0
KIR,Kiribati,1.Asalariado_patr,2.694,8.568,6.151,0
KIR,Kiribati,3.TCP_fliares,2.163,3.848,0.525,0
KIR,Kiribati,9.SD,0.565,0.489,0.245,0
KOR,Republic of Korea,1.Asalariado_patr,2354.521181818182,6861.015545454546,8335.105272727273,0
KOR,Republic of Korea,3.TCP_fliares,1008.6541818181818,5626.678727272727,1472.5793636363635,0
KOR,Republic of Korea,9.SD,0,0,0,102.74218181818182
KOS,Kosovo,1.Asalariado_patr,47.428875,114.30775,96.81775,6.317166666666667
KOS,Kosovo,3.TCP_fliares,18.793,50.068375,6.1215,1.6753333333333333
KOS,Kosovo,9.SD,0,0,0,0
LAO,Lao People's Democratic Republic,1.Asalariado_patr,67.7995,208.1515,212.6615,42.967
LAO,Lao People's Democratic Republic,3.TCP_fliares,131.3725,2120.2709999999997,87.9315,6.992
LAO,Lao People's Democratic Republic,9.SD,1.48,9.763,1.909,0
LBN,Lebanon,1.Asalariado_patr,219.042,581.688,393.60900000000004,76.371
LBN,Lebanon,3.TCP_fliares,22.721,251.644,44.984,4.644
LBR,Liberia,1.Asalariado_patr,27.387999999999998,146.5795,76.7835,15.728000000000002
LBR,Liberia,3.TCP_fliares,97.881,466.6725,36.070499999999996,187.973
LBR,Liberia,9.SD,0.277,1.404,0.717,0
LCA,Saint Lucia,1.Asalariado_patr,11.023,34.51266666666667,15.952333333333334,1.3513333333333333
LCA,Saint Lucia,3.TCP_fliares,1.269,14.359666666666666,1.8636666666666668,0.36733333333333335
LCA,Saint Lucia,9.SD,0,0.04,0,1.2293333333333334
LKA,Sri Lanka,1.Asalariado_patr,1423.1532222222222,2070.3346666666666,1128.7235555555555,45.50711111111111
LKA,Sri Lanka,3.TCP_fliares,334.66255555555557,2298.2606666666666,421.4316666666667,114.16575
LSO,Lesotho,1.Asalariado_patr,167.06900000000002,189.577,71.662,2.739
LSO,Lesotho,3.TCP_fliares,7.811,198.964,6.278,0
LSO,Lesotho,9.SD,0.348,0.437,0.45,0
LTU,Lithuania,1.Asalariado_patr,109.14472727272728,536.0131818181818,515.3080909090909,4.616181818181818
LTU,Lithuania,3.TCP_fliares,3.7823636363636366,108.13654545454546,42.12790909090909,0
LUX,Luxembourg,1.Asalariado_patr,20.13627272727273,74.15845454545455,127.01681818181818,5.513636363636364
LUX,Luxembourg,3.TCP_fliares,0.7466363636363637,7,14.71418181818182,0.9613636363636363
LUX,Luxembourg,9.SD,0,0.1506,0.17,0.10271428571428572
LVA,Latvia,1.Asalariado_patr,106.636,361.76981818181815,312.6997272727273,5.471454545454545
LVA,Latvia,3.TCP_fliares,8.588818181818182,46.206272727272726,47.18363636363637,0
LVA,Latvia,9.SD,0,0,0,0
MAR,Morocco,1.Asalariado_patr,1768.83,3036.75,920.4,129.07999999999998
MAR,Morocco,3.TCP_fliares,1006.9300000000001,2518.41,55.080000000000005,25.91
MAR,Morocco,9.SD,27.55,37.62,7.15,31.02
MDA,Republic of Moldova,1.Asalariado_patr,116.68254545454545,301.5691818181818,296.7237272727273,5.131636363636364
MDA,Republic of Moldova,3.TCP_fliares,110.83290909090908,847.7412727272728,5.037545454545454,0
MDG,Madagascar,1.Asalariado_patr,387.231,755.883,341.72400000000005,18.6715
MDG,Madagascar,3.TCP_fliares,4317.776,4405.0250000000005,44.342,350.8075
MDG,Madagascar,9.SD,4.464,1.588,2.214,1.368
MDV,Maldives,1.Asalariado_patr,16.127,51.2355,47.6605,2.9907500000000002
MDV,Maldives,3.TCP_fliares,1.57,28.087,5.7135,0.1
MDV,Maldives,9.SD,1.275,3.3394999999999997,0.5366666666666666,2.58425
MEX,Mexico,1.Asalariado_patr,7104.609181818182,20376.205454545456,7643.749545454545,472.518
MEX,Mexico,3.TCP_fliares,2565.953818181818,9743.024363636363,1257.8401818181817,197.8078181818182
MHL,Marshall Islands,1.Asalariado_patr,1.532,6.63,5.303,0.15
MHL,Marshall Islands,3.TCP_fliares,0.798,1.379,0.087,0
MHL,Marshall Islands,9.SD,0.099,0.211,0,0
MKD,North Macedonia,1.Asalariado_patr,52.218636363636364,304.3308181818182,184.23118181818182,6.058909090909091
MKD,North Macedonia,3.TCP_fliares,81.06781818181818,51.89290909090909,9.977727272727273,0
MKD,North Macedonia,9.SD,0,0,0,0.32225
MLI,Mali,1.Asalariado_patr,71.66614285714286,538.2541428571428,174.57314285714284,33.85371428571428
MLI,Mali,3.TCP_fliares,44.449714285714286,4588.1377142857145,38.248,11.997666666666667
MLI,Mali,9.SD,4.71,207.96,4.19,48.971999999999994
MLT,Malta,1.Asalariado_patr,17.677125,80.640375,71.964625,1.865875
MLT,Malta,3.TCP_fliares,1.10725,16.905124999999998,10.799625,0
MLT,Malta,9.SD,0,0,0,0
MMR,Myanmar,1.Asalariado_patr,3024.9382,4694.6810000000005,895.8684,283.97240000000005
MMR,Myanmar,3.TCP_fliares,1209.7459999999999,11660.8256,263.7412,364.92633333333333
MNE,Montenegro,1.Asalariado_patr,11.862111111111112,84.20377777777777,62.25666666666667,1.035625
MNE,Montenegro,3.TCP_fliares,3.9494444444444445,35.873555555555555,19.50177777777778,0
MNE,Montenegro,9.SD,1.309,2.883,0,0
MNG,Mongolia,1.Asalariado_patr,66.41554545454545,234.9502727272727,252.18836363636365,4.940636363636363
MNG,Mongolia,3.TCP_fliares,12.103545454545454,528.5893636363636,19.630545454545455,0
MNG,Mongolia,9.SD,0.5601428571428572,1.4745555555555556,0.27,8.02
MOZ,Mozambique,1.Asalariado_patr,191.017,999.72,333.452,8.959
MOZ,Mozambique,3.TCP_fliares,85.53999999999999,7927.027999999999,28.744,0
MOZ,Mozambique,9.SD,149.129,81.459,15.396,7.121
MUS,Mauritius,1.Asalariado_patr,82.30536363636364,245.0230909090909,111.30709090909092,0.2008888888888889
MUS,Mauritius,3.TCP_fliares,6.092454545454546,73.74063636363637,6.339090909090909,0
MUS,Mauritius,9.SD,0.1442,0.4448333333333333,0.17816666666666667,1.994
MWI,Malawi,1.Asalariado_patr,997.335,1038.924,206.594,0
MWI,Malawi,3.TCP_fliares,237.78699999999998,3314.9030000000002,20.531000000000002,0
MWI,Malawi,9.SD,0,0,0,336.783
NAM,Namibia,1.Asalariado_patr,104.79266666666666,220.7765,99.52733333333333,31.918833333333332
NAM,Namibia,3.TCP_fliares,34.987833333333334,158.80766666666668,9.259,4.114333333333334
NAM,Namibia,9.SD,0.4608,1.392,0.5026,0.8616
NER,Niger,1.Asalariado_patr,128.5105,449.93600000000004,154.834,66.4335
NER,Niger,3.TCP_fliares,75.7645,3656.8160000000003,73.33800000000001,179.161
NER,Niger,9.SD,0,10.239,5.27,33.479
NIC,Nicaragua,1.Asalariado_patr,567.1044999999999,606.3700000000001,323.281,10.3205
NIC,Nicaragua,3.TCP_fliares,411.6565,808.935,41.778999999999996,1.7725
NIC,Nicaragua,9.SD,5.523499999999999,2.8815,0.627,12.3255
NIU,Niue,1.Asalariado_patr,0.056,0.316,0.309,0
NIU,Niue,3.TCP_fliares,0.006,0.032,0.03,0
NLD,Netherlands,1.Asalariado_patr,687.1316363636364,3076.808636363636,3265.047,107.02718181818182
NLD,Netherlands,3.TCP_fliares,37.61318181818182,509.5676363636363,749.7032727272727,16.598909090909093
NLD,Netherlands,9.SD,0,0,0,0
NOR,Norway,1.Asalariado_patr,95.92754545454545,1087.0404545454546,1197.0313636363637,41.97536363636364
NOR,Norway,3.TCP_fliares,2.962727272727273,99.85172727272727,79.56136363636364,1.4725
NOR,Norway,9.SD,0,0,0,0
NPL,Nepal,1.Asalariado_patr,1239.937,2277.8779999999997,909.3209999999999,21.858
NPL,Nepal,3.TCP_fliares,199.54000000000002,2679.3140000000003,69.61,0
NRU,Naoero,1.Asalariado_patr,0.69,1.877,0.846,0
NRU,Naoero,3.TCP_fliares,0.055,0.136,0,0
NRU,Naoero,9.SD,0,0,0,0.146
PAK,Pakistan,1.Asalariado_patr,7768.2901999999995,10003.601,4409.3837,24.232
PAK,Pakistan,3.TCP_fliares,1114.4093,25748.4406,2457.123,3.24275
PAK,Pakistan,9.SD,6.511125,22.055375,17.084875,0
PAN,Panama,1.Asalariado_patr,267.6682222222222,523.4952222222222,387.767,14.733666666666666
PAN,Panama,3.TCP_fliares,59.317,457.4732222222222,31.84811111111111,1.20825
PER,Peru,1.Asalariado_patr,2706.369272727273,3629.7579090909094,2113.3877272727273,115.25663636363636
PER,Peru,3.TCP_fliares,2896.6633636363636,4999.305545454546,294.58527272727275,0
PER,Peru,9.SD,44.560545454545455,28.749636363636363,0.6857272727272727,60.38481818181818
PHL,Philippines,1.Asalariado_patr,8139.520272727273,11331.405,4324.332090909091,320.3585454545455
PHL,Philippines,3.TCP_fliares,3588.7948181818183,6583.969272727273,4431.009636363637,30.7555
PLW,Palau,1.Asalariado_patr,1.102,4.4559999999999995,2.4730000000000003,0
PLW,Palau,3.TCP_fliares,0.138,0.29000000000000004,0.112,0
PLW,Palau,9.SD,0,0,0.039,0.16
PRI,Puerto Rico,1.Asalariado_patr,27.575,597.105,317.803,0.211
PRI,Puerto Rico,3.TCP_fliares,6.916,76.062,43.123999999999995,0
PRT,Portugal,1.Asalariado_patr,494.7551818181818,2022.248090909091,1227.816090909091,25.507181818181817
PRT,Portugal,3.TCP_fliares,28.707636363636365,604.1831818181818,308.50163636363635,0
PRY,Paraguay,1.Asalariado_patr,435.7816363636364,913.348,468.51645454545456,7.308
PRY,Paraguay,3.TCP_fliares,157.34054545454546,973.0575454545454,62.10436363636364,0
PRY,Paraguay,9.SD,2.393666666666667,2.68725,0,1.5863749999999999
PSE,"Palestine, State of",1.Asalariado_patr,129.99872727272728,280.1903636363636,194.71363636363637,67.26666666666667
PSE,"Palestine, State of",3.TCP_fliares,19.342363636363636,183.57463636363636,11.320454545454545,9.284500000000001
PSE,"Palestine, State of",9.SD,0,0,0,0
ROU,Romania,1.Asalariado_patr,508.23745454545457,3644.1675454545452,1831.9244545454546,71.50463636363637
ROU,Romania,3.TCP_fliares,371.6314545454545,2117.655909090909,116.13845454545455,0
RUS,Russian Federation,1.Asalariado_patr,6451.1543,29781.3987,29639.314700000003,0
RUS,Russian Federation,3.TCP_fliares,157.345,3091.3311,787.5566,0
RWA,Rwanda,1.Asalariado_patr,1479.11475,372.66049999999996,230.36975,8.549
RWA,Rwanda,3.TCP_fliares,115.76275000000001,1852.94875,20.83125,0
RWA,Rwanda,9.SD,0,368.697,0,0
SEN,Senegal,1.Asalariado_patr,251.82966666666667,684.545,195.37333333333333,179.50166666666667
SEN,Senegal,3.TCP_fliares,172.25933333333333,506.77666666666664,6.132000000000001,1922.7083333333333
SEN,Senegal,9.SD,0,0,0,1.166
SLB,Solomon Islands,1.Asalariado_patr,6.134,51.688,49.675999999999995,0
SLB,Solomon Islands,3.TCP_fliares,4.329,239.74699999999999,4.441000000000001,0.337
SLB,Solomon Islands,9.SD,0.804,3.815,2.361,48.021
SLE,Sierra Leone,1.Asalariado_patr,33.3295,220.0325,109.482,10.0115
SLE,Sierra Leone,3.TCP_fliares,91.7125,1886.4035000000001,22.465,5.329
SLE,Sierra Leone,9.SD,1.534,18.2845,1.224,20.404
SLV,El Salvador,1.Asalariado_patr,528.0694,869.6981,285.4307,8.8097
SLV,El Salvador,3.TCP_fliares,209.1873,721.7737,32.6444,0
SLV,El Salvador,9.SD,0.1804285714285714,0.07966666666666666,0.2384,0
SOM,Somalia,1.Asalariado_patr,174.05200000000002,139.983,227.714,22.52
SOM,Somalia,3.TCP_fliares,220.788,120.303,129.49699999999999,0.839
SRB,Serbia,1.Asalariado_patr,175.61127272727273,988.0718181818181,691.4728181818182,14.222454545454546
SRB,Serbia,3.TCP_fliares,44.20918181818182,590.5793636363636,56.79454545454546,0
SRB,Serbia,9.SD,0,9.549,0,0
STP,Sao Tome and Principe,1.Asalariado_patr,2.889,17.781,6.21,0.568
STP,Sao Tome and Principe,3.TCP_fliares,2.325,20.588,0.788,0.146
STP,Sao Tome and Principe,9.SD,0,0,0,1.418
SUR,Suriname,1.Asalariado_patr,16.991,76.507,49.332,3.49
SUR,Suriname,3.TCP_fliares,6.018000000000001,24.648,4.185,0
SUR,Suriname,9.SD,1.272,4.09,2.159,0.553
SVK,Slovakia,1.Asalariado_patr,160.57045454545454,1018.317,597.72,341.9132727272727
SVK,Slovakia,3.TCP_fliares,10.696272727272728,166.59636363636363,82.501636363636365,74.173
SVK,Slovakia,9.SD,0,0,0,0
SVN,Slovenia,1.Asalariado_patr,50.89118181818182,388.7013636363636,340.06963636363633,13.374818181818183
SVN,Slovenia,3.TCP_fliares,21.50618181818182,73.13381818181819,55.428636363636365,0.7815454545454545
SWE,Sweden,1.Asalariado_patr,230.5050909090909,1902.786090909091,2146.240272727273,25.954090909090908
SWE,Sweden,3.TCP_fliares,11.976363636363637,236.40081818181818,242.76563636363636,1.2795454545454545
SWE,Sweden,9.SD,0,0,0.01622222222222222,0
SWZ,Eswatini,1.Asalariado_patr,45.134,99.168,43.275,0
SWZ,Eswatini,3.TCP_fliares,6.851,81.096,8.642,0
SWZ,Eswatini,9.SD,0,0,0,6.65
SYC,Seychelles,1.Asalariado_patr,5.604666666666667,19.768833333333333,12.239833333333333,0.4301666666666667
SYC,Seychelles,3.TCP_fliares,0.3561666666666667,3.4963333333333333,0.7971666666666667,0.078
SYC,Seychelles,9.SD,0.12775,0.39716666666666667,0.192,0.1775
TCD,Chad,1.Asalariado_patr,58.864,219.13400000000001,105.521,46.904
TCD,Chad,3.TCP_fliares,26.62,3770.1670000000004,16.854,51.128
TGO,Togo,1.Asalariado_patr,49.464,233.255,141.3965,8.618
TGO,Togo,3.TCP_fliares,48.84,1611.2945,76.71300000000001,0.4675
TGO,Togo,9.SD,1.156,19.701,3.42,0.196
THA,Thailand,1.Asalariado_patr,3451.047125,10704.440875,4615.076375,60.57714285714286
THA,Thailand,3.TCP_fliares,762.682,17574.41575,397.30062499999997,2.2858571428571426
THA,Thailand,9.SD,0,0,0,63.594
TJK,Tajikistan,1.Asalariado_patr,226.728,581.8544999999999,355.4795,82.3445
TJK,Tajikistan,3.TCP_fliares,169.4765,361.87600000000003,40.806,8.4505
TJK,Tajikistan,9.SD,63.126000000000005,186.51899999999998,49.356,6.438000000000001
TKL,Tokelau,1.Asalariado_patr,0.14,0.194,0.205,0
TKL,Tokelau,3.TCP_fliares,0,0.021,0,0
TKL,Tokelau,9.SD,0,0,0,0.016
TLS,Timor-Leste,1.Asalariado_patr,12.18975,53.9155,34.106500000000004,2.38
TLS,Timor-Leste,3.TCP_fliares,31.531000000000002,197.84275,7.07775,0.8216666666666668
TLS,Timor-Leste,9.SD,0,38.139,0,8.703999999999999
TON,Tonga,1.Asalariado_patr,2.194,9.701,6.7515,0.3705
TON,Tonga,3.TCP_fliares,0.157,14.8965,0.5215000000000001,0
TTO,Trinidad and Tobago,1.Asalariado_patr,102.30057142857143,255.63585714285713,148.13614285714286,3.046
TTO,Trinidad and Tobago,3.TCP_fliares,14.499714285714285,68.89385714285714,23.13885714285714,0
TTO,Trinidad and Tobago,9.SD,0,0.19066666666666665,0.2145,0.8047142857142857
TUN,Tunisia,1.Asalariado_patr,534.633,1336.844,606.0746666666666,19.88866666666667
TUN,Tunisia,3.TCP_fliares,68.84966666666666,548.562,70.05433333333333,7.5125
TUN,Tunisia,9.SD,2.8743333333333334,11.215666666666666,0.09566666666666666,74.204
TUR,Türkiye,1.Asalariado_patr,2691.458090909091,10446.385181818181,4852.726363636363,0
TUR,Türkiye,3.TCP_fliares,1146.783181818182,6058.907272727272,539.2839090909091,0
TUV,Tuvalu,1.Asalariado_patr,0.29833333333333334,0.9463333333333334,0.9696666666666667,0.1065
TUV,Tuvalu,3.TCP_fliares,0.013000000000000001,0.9446666666666667,0.056499999999999995,0.091
TUV,Tuvalu,9.SD,0,0.07,0.045,0.277
TZA,"Tanzania, United Republic of",1.Asalariado_patr,665.0286666666666,1770.1566666666665,551.008,411.628
TZA,"Tanzania, United Republic of",3.TCP_fliares,1357.0006666666666,9432.604666666666,59.79,8501.386
TZA,"Tanzania, United Republic of",9.SD,71.9305,122.438,32.972,1001.5429999999999
UGA,Uganda,1.Asalariado_patr,968.4288333333333,1189.271,678.0693333333334,47.285666666666664
UGA,Uganda,3.TCP_fliares,395.1666666666667,9628.407333333333,79.3065,157.96633333333332
UGA,Uganda,9.SD,0,17.68875,3.617,373.531
URY,Uruguay,1.Asalariado_patr,256.13245454545455,688.4742727272727,269.24927272727274,10.49909090909091
URY,Uruguay,3.TCP_fliares,57.963545454545454,245.95454545454547,74.64318181818182,1.42675
USA,United States of America,1.Asalariado_patr,12165.091,61688.032545454545,63636.37781818182,0
USA,United States of America,3.TCP_fliares,781.4021818181818,4163.442181818182,4694.782181818182,0
VEN,"Venezuela, Bolivarian Republic of",1.Asalariado_patr,42.328,5519.907166666667,2082.3805,94.22733333333333
VEN,"Venezuela, Bolivarian Republic of",3.TCP_fliares,12.198500000000001,4552.772,344.8156666666667,33.641
VEN,"Venezuela, Bolivarian Republic of",9.SD,0,26.301666666666666,2.0576666666666665,4.3095
VNM,Viet Nam,1.Asalariado_patr,4279.400909090909,11814.205,5314.681909090909,118.98089999999999
VNM,Viet Nam,3.TCP_fliares,15835.774272727273,14516.980727272727,233.77863636363637,0.8926
VNM,Viet Nam,9.SD,9.53525,19.824624999999997,2.049,4.5585555555555555
VUT,Vanuatu,1.Asalariado_patr,4.601666666666667,18.655,8.578,0.9505
VUT,Vanuatu,3.TCP_fliares,4.366333333333333,55.88666666666666,1.7893333333333332,0.5936666666666667
VUT,Vanuatu,9.SD,0.149,1.139,0.486,0.4535
WLF,Wallis and Futuna,1.Asalariado_patr,0.625,1.469,1.026,0
WLF,Wallis and Futuna,3.TCP_fliares,0,0.209,0.041,0.829
WLF,Wallis and Futuna,9.SD,0,0,0,0
WSM,Samoa,1.Asalariado_patr,2.6029999999999998,16.830333333333336,9.344333333333333,0
WSM,Samoa,3.TCP_fliares,0.45499999999999996,19.201999999999998,0.5933333333333333,0
WSM,Samoa,9.SD,0,0,0,0
YEM,Yemen,1.Asalariado_patr,292.407,1607.2820000000002,490.943,10.889
YEM,Yemen,3.TCP_fliares,45.846000000000004,1698.381,26,6.905
YEM,Yemen,9.SD,0,7.089,1.483,8.822
ZAF,South Africa,1.Asalariado_patr,3870.7999090909093,6427.544090909091,3433.6177272727273,94.62554545454546
ZAF,South Africa,3.TCP_fliares,551.6489090909091,561.2253636363637,283.0863636363636,123.27245454545455
ZAF,South Africa,9.SD,0,0,0,1.0098
ZMB,Zambia,1.Asalariado_patr,292.9683333333333,741.5626666666667,365.539,20.967
ZMB,Zambia,3.TCP_fliares,214.87,3620.4923333333336,114.76866666666668,14.454999999999998
ZWE,Zimbabwe,1.Asalariado_patr,471.96166666666664,683.5933333333334,335.63033333333334,7.856333333333334
ZWE,Zimbabwe,3.TCP_fliares,257.943,3748.0936666666666,33.51466666666667,2.147
ZWE,Zimbabwe,9.SD,0,2.5365,0,2.757
