dimension,grupo,n,peso_pct,media_pond,media_simple,mediana,p25,p75,minimo,maximo,pais_mayor_peso,peso_del_pais,media_pond_sin_pais
Cluster PIMSA,C1. Cap. avanzado,38,26.241239153764003,0.6050174397717389,0.6187653446475515,0.3177873222493811,0.20424597490062874,0.6862281552835082,0.06115593890147783,3.790306089710436,USA,0.2861914081657353,0.6608488806875068
Cluster PIMSA,C2. Cap. extensión reciente c/desarrollo profundidad,37,13.206376614786384,2.0578147164838474,1.6013087777133046,1.0553080232148733,0.3456245937580265,2.3615893878728027,0.09155230280130192,9.182104581438969,BRA,0.3492967131709605,1.8947488515827708
Cluster PIMSA,C3. Cap. extensión c/peso campo,27,17.71275004098184,1.8724426716387192,2.209749852551962,1.5439960784140323,0.8079193947603943,2.9368349344912694,0.04717358395602864,7.711314458685432,IDN,0.3366628324710602,2.0222765157844655
Cluster PIMSA,C4. Cap. escasa extensión c/peso campo,27,33.137475349896846,6.212156137111202,2.8869799016046476,1.4849946857575094,0.5240239148642338,4.0701814075804705,0.10277592078881163,12.284260401552222,IND,0.5712155724622476,2.5317554838476246
Cluster PIMSA,C5. Pequeña propiedad en el campo,18,8.337204711648809,3.1181756800342404,2.7636876190596396,1.4639336836060166,0.75749334457259,3.5241529499774944,0.5246507215114081,12.364523792327086,ETH,0.2163898208358623,2.066276462941052
Grupo de ingreso,01 Altos ingresos,46,24.525121862904978,0.7574104664886221,0.6687402321905239,0.3253909724861332,0.19834003829440275,0.7586301576706682,0.06115593890147783,3.603515991215076,USA,0.30621732391016926,0.8861352321427578
Grupo de ingreso,02 Medios-altos ingresos,40,19.465560984820613,1.8169105495677798,1.6172714435916058,1.180521986508138,0.47310568953630194,2.2035404256323705,0.04717358395602864,7.026271349543382,BRA,0.23697975866402862,1.6477435305842132
Grupo de ingreso,03 Medios-bajos ingresos,47,45.93241056752317,4.972670264925327,2.6148297604716038,1.5994451422127234,0.9598308248877168,3.1964101354849643,0.10277592078881163,12.284260401552222,IND,0.4120977261604592,2.1672846508842856
Grupo de ingreso,04 Bajos ingresos,21,8.080338434087308,3.1785269238967704,3.164355671191071,1.4681632876594255,0.7052640283386021,4.672912593219959,0.4054057966877224,12.364523792327086,ETH,0.22326864753770284,2.1009246944212534
Grupo de ingreso,99_Sin_datos,1,0.6438126874998732,0.09155230280130192,0.09155230280130192,0.09155230280130192,0.09155230280130192,0.09155230280130192,0.09155230280130192,0.09155230280130192,VEN,1,NA
Región,East Asia & Pacific,25,19.64469713473492,1.5615702790268873,1.4106552925307265,1.3793569818038518,0.42297601080721703,1.9729189386604913,0.04717358395602864,3.736449438113982,IDN,0.3035539086578695,1.5547489858530663
Región,Europe & Central Asia,42,16.54650300368157,0.3528993240554886,0.43756737579378696,0.2777707064608231,0.16884368424447643,0.46097544350076636,0.06115593890147783,2.259613718816347,RUS,0.21565537250955166,0.4249864020526703
Región,Latin America & Caribbean,28,12.776909680710453,2.5960143930477626,2.490514457205722,2.079086467535718,1.3672464200117618,2.8660021438341925,0.09155230280130192,7.026271349543382,BRA,0.3610375325268966,2.728473230208703
Región,Middle East & North Africa,12,3.940588257751059,1.686116190631913,1.2843225499017996,1.0150712078992363,0.5274390272587964,1.6820507806017124,0.166458169432582,3.512060000278297,EGY,0.31824135980625906,1.5120359152647098
Región,North America,1,7.510017185429548,0.4657646142743256,0.4657646142743256,0.4657646142743256,0.4657646142743256,0.4657646142743256,0.4657646142743256,0.4657646142743256,USA,1,NA
Región,South Asia,8,25.612421284168335,7.054287234747821,2.7317187837230192,0.9405491949332687,0.7069631372086869,3.523000567764254,0.29409162890506796,8.974858281971741,IND,0.7390414885782471,1.6151786273006774
Región,Sub-Saharan Africa,39,12.616107990360058,3.7719701181619043,3.1739211841835897,1.6077616953613478,0.7432391672687373,4.384229696730576,0.15303031562941222,12.364523792327086,ETH,0.14299863596634488,3.245456132654898
