tramo,n,peso_pct,media_pond,tcp_noagro_pond,baja_en_tcp_noagro_pond,pais_mayor_peso,peso_del_pais,media_pond_sin_pais,mediana,media_simple,variable
<5%,40,22.215395766340176,0.5743185434464647,9.281752466621588,6.344565286645441,USA,0.33805462051720037,0.6297568899768252,0.409473535339319,0.6300487808032255,peso del agro en el empleo (%)
5-15%,29,15.500384084049129,1.7094610805429273,17.976566856260234,10.557726088342278,BRA,0.29760191227711125,1.433158176671735,1.0553080232148733,1.6856896530804648,peso del agro en el empleo (%)
15-30%,31,11.02693231251832,2.3347910088375445,27.975360661622883,10.927570578249826,PHL,0.18392822334247602,2.51302227567141,2.0590429902507545,2.4893870345847104,peso del agro en el empleo (%)
30-50%,33,40.15222295402951,5.360111496307452,49.42013226563828,18.682166001199548,IND,0.4714220174961782,2.1362329413141707,1.5156774163228657,2.756300607527649,peso del agro en el empleo (%)
>50%,22,9.752309419898806,2.857787072139284,53.96754271417213,15.209511238298974,ETH,0.18499066796880945,1.934065437370389,1.3043442014828894,1.9398663305639348,peso del agro en el empleo (%)
<50%,23,26.921865758204103,7.772294376391441,59.90289748587937,24.836416810926643,IND,0.7030954734694299,4.924519543008522,3.548519930628288,4.009816721463578,% asalariado dentro del no agro
50-65%,25,20.865077970230153,1.9115728033097361,41.59888682432393,7.912050064261587,IDN,0.28579929622870504,2.0453694712777217,2.095618455648403,2.8051333030096335,% asalariado dentro del no agro
65-80%,37,21.093107680469124,1.8782412162965871,27.11058886727963,8.921438561421184,BRA,0.21869437231925823,1.7429477776606692,1.5563867107186982,1.9555120187624178,% asalariado dentro del no agro
80-90%,41,10.660758413533886,0.8993541674266615,13.02628251400646,7.724198351601997,DEU,0.19196093638693504,1.0660860556036105,0.48010951541540786,0.8904740509685029,% asalariado dentro del no agro
>90%,29,19.106434714398674,0.5106390656418143,5.892352330882929,9.023339530226592,USA,0.3930621959401967,0.5397004460306006,0.3020909376938486,0.4715665728133218,% asalariado dentro del no agro
