iso3c,country,region,income_group,income_group_2,cluster_pimsa,peq_estado,excl_tamaño,ocde,ref_area.label,n_ocup_totales,n_tcp_fliares_totales,n_tcp_fliares_calif_baja,n_tcp_fliares_no_agro,n_no_agro_calif_baja,prop_ocup_totales,prop_tcp_fliares_totales,prop_tcp_fliares_calif_baja,prop_tcp_fliares_no_agro,prop_no_agro_calif_baja,prop_tcp_fliares_no_agro_calif_baja
AFG,Afghanistan,South Asia,Low income,04 Bajos ingresos,C4. Cap. escasa extensión c/peso campo,No peq. estado,No excluible,No OCDE,Afghanistan,6289.657999999999,4661.569,486.5885,2106.877,877.7935,0.3210337635183964,74.11482468522136,7.958420603800963,33.49748110310608,14.423152601140682,7.432699384169158
AGO,Angola,Sub-Saharan Africa,Lower middle income,03 Medios-bajos ingresos,C4. Cap. escasa extensión c/peso campo,No peq. estado,No excluible,No OCDE,Angola,6571.79025,4546.972250000001,437.95124999999996,1423.662,486.46025000000003,0.33543422504228426,69.18924793742468,6.718557963332379,21.663229437366784,7.650362749612497,4.607441598102263
ALB,Albania,Europe & Central Asia,Upper middle income,02 Medios-altos ingresos,C4. Cap. escasa extensión c/peso campo,No peq. estado,No excluible,No OCDE,Albania,1141.214,637.3138181818182,13.7136,178.12745454545455,64.3001,0.05824930789557767,55.845250599959186,1.2083839301221082,15.60859352807226,5.662664586895612,1.0599256461678324
ARE,United Arab Emirates,Middle East & North Africa,High income,01 Altos ingresos,C1. Cap. avanzado,No peq. estado,No excluible,No OCDE,United Arab Emirates,6074.083666666666,63.423333333333325,20.608666666666668,62.510333333333335,1127.3323333333335,0.31003051985268854,1.0441629851328464,0.3419657382698246,1.0291319113099695,18.741174890948376,0.3219122834814899
ARG,Argentina,Latin America & Caribbean,Upper middle income,02 Medios-altos ingresos,C1. Cap. avanzado,No peq. estado,No excluible,No OCDE,Argentina,10831.738444444443,2185.5104444444446,148.5211111111111,2161.7457777777777,1707.9403333333332,0.5528684959129576,20.176913019584447,1.4549291058257954,19.95751456578541,17.08764299478542,1.469825652046952
ARM,Armenia,Europe & Central Asia,Upper middle income,02 Medios-altos ingresos,C3. Cap. extensión c/peso campo,No peq. estado,No excluible,No OCDE,Armenia,1105.3035454545454,453.7107272727273,6.8069999999999995,84.31963636363636,71.59920000000001,0.05641638337529635,41.04851822276053,0.6444481178081833,7.6286407214011716,6.774494613270439,0.20193399242891863
ATG,Antigua and Barbuda,Latin America & Caribbean,High income,01 Altos ingresos,,Peq. estado,Excluíble,No OCDE,Antigua and Barbuda,36.423,4.212,,3.7809999999999997,,0.0018590856241516717,11.56412157153447,,10.380803338549816,,
AUS,Australia,East Asia & Pacific,High income,01 Altos ingresos,C1. Cap. avanzado,No peq. estado,No excluible,OCDE,Australia,11369.589818181817,1057.3192727272728,104.74845454545454,907.1770909090909,892.1685454545454,0.5803212526009124,9.29953753508722,0.8954480492583349,7.978978181414845,7.632328988977218,0.6704278046979593
AUT,Austria,Europe & Central Asia,High income,01 Altos ingresos,C1. Cap. avanzado,No peq. estado,No excluible,OCDE,Austria,4150.578909090909,383.92309090909094,13.40918181818182,250.28145454545455,352.2902727272727,0.21185189528040074,9.24986849589087,0.323920430484918,6.03003725570111,8.510139793221587,0.23212406497529214
BDI,Burundi,Sub-Saharan Africa,Low income,04 Bajos ingresos,C5. Pequeña propiedad en el campo,No peq. estado,No excluible,No OCDE,Burundi,3671.999,3178.75,,155.78,,0.18742444479585188,86.56728937017685,,4.242375882999968,,
BEL,Belgium,Europe & Central Asia,High income,01 Altos ingresos,C1. Cap. avanzado,No peq. estado,No excluible,OCDE,Belgium,4579.72890909091,671.6491818181819,16.93581818181818,629.834,453.362,0.2337563676084542,14.665697362237676,0.3720012572969159,13.752648082504603,9.958345132327555,0.297315853922177
BEN,Benin,Sub-Saharan Africa,Lower middle income,03 Medios-bajos ingresos,C4. Cap. escasa extensión c/peso campo,No peq. estado,No excluible,No OCDE,Benin,3427.482666666667,2893.030666666667,13.41,1461.8509999999999,29.14,0.17494395718719039,84.40686498001256,0.4626227709758546,42.65086485241646,1.0127162969476022,0.43673553305842383
BFA,Burkina Faso,Sub-Saharan Africa,Low income,04 Bajos ingresos,C4. Cap. escasa extensión c/peso campo,No peq. estado,No excluible,No OCDE,Burkina Faso,5980.088,4928.333,207.231,2175.9083333333333,382.132,0.3052328372721061,82.41238256025665,4.857717364398071,36.385891534260594,8.95420755103834,3.2799212543919016
BGD,Bangladesh,South Asia,Lower middle income,03 Medios-bajos ingresos,C4. Cap. escasa extensión c/peso campo,No peq. estado,No excluible,No OCDE,Bangladesh,57504.34966666667,33900.511999999995,6698.426666666666,14611.554666666669,5288.34375,2.9351099522689226,58.95295259664675,11.66742005003828,25.40947728539654,9.115633844188046,2.2857143816750636
BGR,Bulgaria,Europe & Central Asia,Upper middle income,02 Medios-altos ingresos,C2. Cap. extensión reciente c/desarrollo profundidad,No peq. estado,No excluible,No OCDE,Bulgaria,3047.6342727272727,365.6527272727273,21.90281818181818,268.6492727272727,289.5825454545454,0.15555591423274323,11.997920175162989,0.7243730604693406,8.815010223876481,9.576087678671868,0.3030051081902662
BHS,"Bahamas, The",Latin America & Caribbean,High income,01 Altos ingresos,C1. Cap. avanzado,No peq. estado,No excluible,No OCDE,Bahamas,210.297,21.446,1.436,20.65,31.063,0.010733880501392639,10.197958125888626,0.6833214370687604,9.819445831371821,14.785286586004359,0.6924964839510815
BIH,Bosnia and Herzegovina,Europe & Central Asia,Upper middle income,02 Medios-altos ingresos,C2. Cap. extensión reciente c/desarrollo profundidad,No peq. estado,No excluible,No OCDE,Bosnia and Herzegovina,819.6884545454545,165.16836363636364,18.60109090909091,36.269363636363636,62.85272727272727,0.04183815232486493,20.150139082775684,2.2887304644373847,4.424774246268511,7.731197042871366,0.27056834283396775
BLR,Belarus,Europe & Central Asia,Upper middle income,02 Medios-altos ingresos,C2. Cap. extensión reciente c/desarrollo profundidad,No peq. estado,No excluible,No OCDE,Belarus,4887.7795,175.93375,19.104,149.372,317.688,0.24947974089100963,3.5994616778436916,0.4076230111895333,3.056029839316606,6.734180596051548,0.3469248064416967
BLZ,Belize,Latin America & Caribbean,Upper middle income,02 Medios-altos ingresos,C2. Cap. extensión reciente c/desarrollo profundidad,No peq. estado,No excluible,No OCDE,Belize,147.07966666666667,40.34883333333334,6.7225,29.008499999999998,21.126166666666666,0.007507171125525624,27.433318450998215,4.590909918687342,19.722984595649976,14.47628988896985,2.1566512155795845
BOL,Bolivia,Latin America & Caribbean,Lower middle income,03 Medios-bajos ingresos,C3. Cap. extensión c/peso campo,No peq. estado,No excluible,No OCDE,"Bolivia, Plurinational State of",5000.4632,2927.391,111.3614,1597.1209999999999,322.13559999999995,0.2552312892737958,58.54239663237598,2.2587698690297073,31.939461128321067,6.534436141495618,1.5297744453254452
BRA,Brazil,Latin America & Caribbean,Upper middle income,02 Medios-altos ingresos,C2. Cap. extensión reciente c/desarrollo profundidad,No peq. estado,No excluible,No OCDE,Brazil,90372.4139,23994.8534,3340.6834000000003,18045.941,14362.039,4.6127462180867775,26.551081645944613,3.716888661254644,19.96841759695433,16.096368203855423,2.352896445300491
BRB,Barbados,Latin America & Caribbean,High income,01 Altos ingresos,C1. Cap. avanzado,No peq. estado,Excluíble,No OCDE,Barbados,128.13799999999998,22.4642,2.053,20.732999999999997,18.137,0.006540359490089966,17.53125536530928,3.3776169127627194,16.180211958981722,29.79555292706768,1.0967898626662183
BRN,Brunei Darussalam,East Asia & Pacific,High income,01 Altos ingresos,C1. Cap. avanzado,No peq. estado,No excluible,No OCDE,Brunei Darussalam,199.84675,10.84375,0.94575,8.323,28.266750000000002,0.010200483759120145,5.4260326975545015,0.4870982694684796,4.164691194627884,14.530194614933844,0.17727324853381904
BTN,Bhutan,South Asia,Lower middle income,03 Medios-bajos ingresos,C4. Cap. escasa extensión c/peso campo,No peq. estado,No excluible,No OCDE,Bhutan,305.60900000000004,204.562,1.3159999999999998,45.2425,6.402285714285715,0.015598750748465756,66.93585594665078,0.4373960311960422,14.8040470012336,2.7667749933324775,0.30901830677465286
BWA,Botswana,Sub-Saharan Africa,Upper middle income,02 Medios-altos ingresos,C2. Cap. extensión reciente c/desarrollo profundidad,No peq. estado,No excluible,No OCDE,Botswana,603.1055,112.87349999999999,16.509999999999998,53.3425,128.93233333333333,0.03078342708993784,18.715382300443288,2.7922001048554854,8.844638292968643,19.17316806344048,1.6284116120355359
CAN,Canada,North America,High income,01 Altos ingresos,C1. Cap. avanzado,No peq. estado,No excluible,OCDE,Canada,17796.793,1881.873090909091,,1746.153,1352.1333333333334,0.9083755325564368,10.57422587827532,,9.811616059140542,7.817900957964618,
CHE,Switzerland,Europe & Central Asia,High income,01 Altos ingresos,C1. Cap. avanzado,No peq. estado,No excluible,OCDE,Switzerland,4462.558181818182,474.34345454545456,19.48081818181818,376.4202727272728,233.3999090909091,0.22777579449135443,10.629406614306431,0.4376976225528423,8.43507820830042,5.249882243627226,0.2708168393411075
CHL,Chile,Latin America & Caribbean,High income,01 Altos ingresos,C2. Cap. extensión reciente c/desarrollo profundidad,No peq. estado,No excluible,OCDE,Chile,8068.466272727273,1684.6944545454544,315.5271818181818,1489.5397272727275,1413.1288181818184,0.4118268582099193,20.879983848231422,3.9370343387580586,18.461249969001095,17.643749941331908,2.817034976381755
CIV,Cote d'Ivoire,Sub-Saharan Africa,Lower middle income,03 Medios-bajos ingresos,C4. Cap. escasa extensión c/peso campo,No peq. estado,No excluible,No OCDE,Côte d'Ivoire,7686.2339999999995,5774.196,228.2106666666667,2483.5932000000003,453.53000000000003,0.3923171384363121,75.12386430077461,2.7665525129839246,32.31222468636787,5.394089800718515,1.7935479172661855
CMR,Cameroon,Sub-Saharan Africa,Lower middle income,03 Medios-bajos ingresos,C4. Cap. escasa extensión c/peso campo,No peq. estado,No excluible,No OCDE,Cameroon,8333.556999999999,6222.148999999999,296.39799999999997,2414.734,530.9079999999999,0.4253574943510564,74.6637840240368,3.573581553443007,28.9760302833472,6.34186699170684,3.614492698231086
COD,"Congo, Dem. Rep.",Sub-Saharan Africa,Low income,04 Bajos ingresos,C5. Pequeña propiedad en el campo,No peq. estado,No excluible,No OCDE,"Congo, Democratic Republic of the",32622.6765,25535.654000000002,2314.8095,6027.733,1376.2780000000002,1.6651113006205027,78.27577850640183,7.034694320872156,18.477125872857183,4.256608863584021,2.114131154016877
COG,"Congo, Rep.",Sub-Saharan Africa,Lower middle income,03 Medios-bajos ingresos,C4. Cap. escasa extensión c/peso campo,No peq. estado,No excluible,No OCDE,Congo,1014.273,325.652,10.026,294.179,65.102,0.05177004511614058,32.106937678514555,1.0311494343899545,29.003926950633602,6.770646457271879,0.9612508098398728
COK,,,,,,,,,Cook Islands,7.490500000000001,0.8795,0.033,0.543,1.0175,0.00038232657572709816,11.741539283091914,0.435471100554236,7.2491822975769304,13.378476102820327,0.4245374431421067
COL,Colombia,Latin America & Caribbean,Upper middle income,02 Medios-altos ingresos,C2. Cap. extensión reciente c/desarrollo profundidad,No peq. estado,No excluible,OCDE,Colombia,20133.23618181818,9608.982727272727,686.2756363636364,7516.626272727272,1480.2227272727273,1.0276311658366546,47.72696570236611,3.408302871426336,37.33441660767556,7.345415984624334,2.5677087092765967
COM,Comoros,Sub-Saharan Africa,Lower middle income,03 Medios-bajos ingresos,C4. Cap. escasa extensión c/peso campo,No peq. estado,No excluible,No OCDE,Comoros,173.439,99.938,1.158,38.876,5.421,0.008852591811966112,57.62141156256668,0.6815412956347221,22.414797133286054,3.1900995692394605,0.6033608274439937
CPV,Cabo Verde,Sub-Saharan Africa,Lower middle income,03 Medios-bajos ingresos,C2. Cap. extensión reciente c/desarrollo profundidad,No peq. estado,No excluible,No OCDE,Cape Verde,124.50750000000001,48.843,20.435499999999998,30.906,34.3834,0.006355053217721336,39.22896211071622,16.431147257589217,24.822601048129627,20.108968368059497,8.643162733428024
CRI,Costa Rica,Latin America & Caribbean,Upper middle income,02 Medios-altos ingresos,C2. Cap. extensión reciente c/desarrollo profundidad,No peq. estado,No excluible,OCDE,Costa Rica,2068.5205454545453,519.4495454545454,60.776363636363634,379.3406363636364,346.2339090909091,0.10558045216805094,25.112128888253288,2.9532894429068763,18.338741531826486,16.868614459338822,1.3269028657106403
CYP,Cyprus,Europe & Central Asia,High income,01 Altos ingresos,C1. Cap. avanzado,No peq. estado,No excluible,No OCDE,Cyprus,382.4629090909091,48.95590909090909,5.281454545454546,41.950545454545455,56.392818181818186,0.019521491806334917,12.800171710055308,1.399704957537352,10.96852647862229,14.944875921736122,0.9607707494766368
CZE,Czechia,Europe & Central Asia,High income,01 Altos ingresos,C2. Cap. extensión reciente c/desarrollo profundidad,No peq. estado,No excluible,OCDE,Czechia,5044.226636363636,712.2242727272727,10.909363636363636,677.8157272727273,275.21945454545454,0.2574650419961721,14.119593033209002,0.21639433939543315,13.437455850741909,5.459220296246355,0.20083816903444565
DEU,Germany,Europe & Central Asia,High income,01 Altos ingresos,C1. Cap. avanzado,No peq. estado,No excluible,OCDE,Germany,40092.08727272727,4332.714636363636,108.73845454545454,4035.8334545454545,3117.277727272727,2.0463614499344223,10.806907125813263,0.2735044178917511,10.06640893274429,7.840733469279407,0.19784934472055515
DJI,Djibouti,Middle East & North Africa,Lower middle income,03 Medios-bajos ingresos,C3. Cap. extensión c/peso campo,No peq. estado,No excluible,No OCDE,Djibouti,74.881,21.713,2.384,21.012,7.5329999999999995,0.0038220407605661618,28.99667472389525,3.3989649125308317,28.060522696011002,11.374686678947844,2.690801344941944
DNK,Denmark,Europe & Central Asia,High income,01 Altos ingresos,C1. Cap. avanzado,No peq. estado,No excluible,OCDE,Denmark,2714.205,240.2569090909091,12.159727272727274,209.45954545454543,258.3434545454545,0.13853717421685713,8.851833560505161,0.45023217300128415,7.717160105981142,9.584503917980454,0.31381374501282017
DOM,Dominican Republic,Latin America & Caribbean,Upper middle income,02 Medios-altos ingresos,C2. Cap. extensión reciente c/desarrollo profundidad,No peq. estado,No excluible,No OCDE,Dominican Republic,4049.8569999999995,1664.368,327.3299090909091,1330.008090909091,711.832,0.20671089499958858,41.09695725058934,8.145111205909677,32.840865514735235,17.712861939359215,5.324785255491632
ECU,Ecuador,Latin America & Caribbean,Upper middle income,02 Medios-altos ingresos,C3. Cap. extensión c/peso campo,No peq. estado,No excluible,No OCDE,Ecuador,6953.024727272727,3045.663454545455,811.9183636363636,1898.684090909091,973.1927272727272,0.3548930158098955,43.803431945223274,11.728650429511115,27.307311067967913,14.046480852112303,5.28002353236822
EGY,"Egypt, Arab Rep.",Middle East & North Africa,Lower middle income,03 Medios-bajos ingresos,C3. Cap. extensión c/peso campo,No peq. estado,No excluible,No OCDE,Egypt,24568.3158,5480.138499999999,582.9566,2830.8635000000004,1889.8146000000002,1.2540044124151875,22.305714989222007,2.372437828710878,11.522415793759865,7.693795461942345,2.058960109145641
ESP,Spain,Europe & Central Asia,High income,01 Altos ingresos,C1. Cap. avanzado,No peq. estado,No excluible,OCDE,Spain,18403.526363636363,3091.3430909090907,60.05645454545454,2770.0952727272725,2076.320090909091,0.9393441313547113,16.79755841259474,0.3279205461960088,15.051980897534508,11.333746262855742,0.15221848270551577
EST,Estonia,Europe & Central Asia,High income,01 Altos ingresos,C1. Cap. avanzado,No peq. estado,No excluible,OCDE,Estonia,623.1570909090909,58.044000000000004,0.8705454545454546,51.475818181818184,50.777272727272724,0.03180689095618887,9.314505258268454,0.14036684176365016,8.260488235273522,8.190596072443844,0.0995527209284821
ETH,Ethiopia,Sub-Saharan Africa,Low income,04 Bajos ingresos,C5. Pequeña propiedad en el campo,No peq. estado,No excluible,No OCDE,Ethiopia,35343.943,31095.511,8876.316,6628.705,3336.095,1.804008904596988,87.97974521405266,25.124948009683006,18.75485426173305,9.402019821012736,6.883898536493041
FIN,Finland,Europe & Central Asia,High income,01 Altos ingresos,C1. Cap. avanzado,No peq. estado,No excluible,OCDE,Finland,2467.0977272727273,329.8731818181818,6.567818181818182,260.3219090909091,159.6698181818182,0.1259244410990305,13.370900478386917,0.26683272152312487,10.551746945942186,6.500540845673447,0.22856661706143866
FJI,Fiji,East Asia & Pacific,Upper middle income,02 Medios-altos ingresos,C3. Cap. extensión c/peso campo,No peq. estado,No excluible,No OCDE,Fiji,339.952,145.57933333333332,9.370666666666667,30.837,27.802333333333333,0.017351669991533068,42.82349665050752,2.768555932964547,9.070986492210665,8.178744501383601,0.4806745255991607
FRA,France,Europe & Central Asia,High income,01 Altos ingresos,C1. Cap. avanzado,No peq. estado,No excluible,OCDE,France,26019.788,1885.5060909090907,18.311125,1527.2073636363637,2544.4701818181816,1.328089773337566,7.246431411774341,0.07050469622176642,5.869407404996395,9.871457303292793,0.06113016184904019
FSM,"Micronesia, Fed. Sts.",East Asia & Pacific,Lower middle income,03 Medios-bajos ingresos,,Peq. estado,Excluíble,No OCDE,"Micronesia, Federated States of",29.589,14.648,2.158,2.726,2.651,0.0015102678124543228,49.50488357159755,7.2757923128792985,9.212883166041436,8.79299479253043,2.918561358516
GBR,United Kingdom,Europe & Central Asia,High income,01 Altos ingresos,C1. Cap. avanzado,No peq. estado,No excluible,OCDE,United Kingdom of Great Britain and Northern Ireland,29665.016999999996,3667.189090909091,269.06418181818185,3517.919272727273,2609.202818181818,1.5141478363922505,12.361998952871295,0.8802241589758042,11.858814281910822,8.820320717076683,0.786964270285818
GEO,Georgia,Europe & Central Asia,Upper middle income,02 Medios-altos ingresos,C4. Cap. escasa extensión c/peso campo,No peq. estado,No excluible,No OCDE,Georgia,1668.854,891.077,10.968454545454547,160.57136363636363,80.77263636363637,0.08518086045103405,53.39454499914312,0.6616774919860318,9.621654359001065,4.867773642189581,0.10520459719815457
GHA,Ghana,Sub-Saharan Africa,Lower middle income,03 Medios-bajos ingresos,C4. Cap. escasa extensión c/peso campo,No peq. estado,No excluible,No OCDE,Ghana,10641.10875,7456.820250000001,256.834,3324.61175,415.7825,0.5431384647656581,70.07559480115266,2.4142447906263,31.243095321246482,3.8672016985896303,1.474083929093223
GIN,Guinea,Sub-Saharan Africa,Low income,04 Bajos ingresos,C5. Pequeña propiedad en el campo,No peq. estado,No excluible,No OCDE,Guinea,3334.05,2896.41,72.85849999999999,1197.3300000000002,42.18000000000001,0.17017501098764187,86.87362217123318,2.2621587325440555,35.91217888154047,1.2842332810668455,0.8909333165380171
GMB,"Gambia, The",Sub-Saharan Africa,Low income,04 Bajos ingresos,C3. Cap. extensión c/peso campo,No peq. estado,No excluible,No OCDE,Gambia,646.327,472.421,63.964000000000006,210.2755,97.386,0.03298951855149431,73.09318657583545,10.106302297949796,32.53391858919711,15.166949984698492,7.730922835115323
GNB,Guinea-Bissau,Sub-Saharan Africa,Low income,04 Bajos ingresos,C5. Pequeña propiedad en el campo,No peq. estado,No excluible,No OCDE,Guinea-Bissau,268.905,192.25799999999998,15.168,88.398,20.981,0.013725322454561819,71.49662520220896,6.402296182175042,32.87331957382719,8.825966792725866,3.038206133140687
GRC,Greece,Europe & Central Asia,High income,01 Altos ingresos,C2. Cap. extensión reciente c/desarrollo profundidad,No peq. estado,No excluible,OCDE,Greece,3768.664090909091,1024.3749090909091,15.377999999999998,650.4626363636363,239.80881818181817,0.19235837887229826,27.181380042916096,0.43168732565300727,17.259766874227555,6.465912110851729,0.1607870265220191
GRD,Grenada,Latin America & Caribbean,Upper middle income,02 Medios-altos ingresos,,Peq. estado,Excluíble,No OCDE,Grenada,112.1235,19.9625,2.5965000000000003,13.716999999999999,18.230999999999998,0.005722954918034482,17.80402859347059,2.3159152837921613,12.233831444790786,16.112311587766627,1.3816240247987936
GTM,Guatemala,Latin America & Caribbean,Upper middle income,02 Medios-altos ingresos,C3. Cap. extensión c/peso campo,No peq. estado,No excluible,No OCDE,Guatemala,6182.3946,2385.819,427.33720000000005,1359.8135,726.5665,0.3155588755372408,38.59053254219651,6.917569386464686,21.994932190190514,11.762859214392577,1.7458296469845724
GUY,Guyana,Latin America & Caribbean,Upper middle income,02 Medios-altos ingresos,C2. Cap. extensión reciente c/desarrollo profundidad,No peq. estado,No excluible,No OCDE,Guyana,245.49200000000002,70.0055,10.1955,51.998999999999995,36.8815,0.012530287127481046,28.51640786665146,4.183567326690015,21.18154563081485,15.177384641341877,2.6592455129870727
HKG,"Hong Kong SAR, China",East Asia & Pacific,High income,01 Altos ingresos,C1. Cap. avanzado,No peq. estado,No excluible,No OCDE,"Hong Kong, China",3288.1095,177.1657,9.933499999999999,177.1657,612.123,0.16783013760773524,5.388071778023208,0.2773024710166785,5.388071778023208,20.596675798002874,0.24054726079235225
HND,Honduras,Latin America & Caribbean,Lower middle income,03 Medios-bajos ingresos,C3. Cap. extensión c/peso campo,No peq. estado,No excluible,No OCDE,Honduras,3380.8965454545455,1390.486909090909,305.29236363636363,863.5659090909091,393.79090909090905,0.17256613031322499,41.12775680641138,9.027825420076033,25.54251209644177,11.627873890356371,3.5180207850282303
HRV,Croatia,Europe & Central Asia,High income,01 Altos ingresos,C2. Cap. extensión reciente c/desarrollo profundidad,No peq. estado,No excluible,No OCDE,Croatia,1587.4168181818181,267.106,8.832,140.2407272727273,103.79354545454545,0.08102418214365664,16.826456475743754,0.5605010170158029,8.834524471862093,6.589281369307576,0.1358780224717906
HTI,Haiti,Latin America & Caribbean,Lower middle income,03 Medios-bajos ingresos,C3. Cap. extensión c/peso campo,No peq. estado,No excluible,No OCDE,Haiti,3770.206,2802.665,,1672.299,,0.19243708027044387,74.3371847586047,,44.35563998359771,,
HUN,Hungary,Europe & Central Asia,High income,01 Altos ingresos,C1. Cap. avanzado,No peq. estado,No excluible,OCDE,Hungary,4088.2929090909092,459.8934545454545,6.454454545454545,395.54172727272726,366.3756363636364,0.20867272258221797,11.249033882156903,0.15861748305628648,9.674985038209547,9.00364141802127,0.11644547787102853
IDN,Indonesia,East Asia & Pacific,Lower middle income,03 Medios-bajos ingresos,C3. Cap. extensión c/peso campo,No peq. estado,No excluible,No OCDE,Indonesia,116825.82927272726,59312.45236363637,3943.0617777777775,29229.124363636365,14210.468333333332,5.962968995703944,50.769981889170055,3.4037451509692462,25.019402426326145,12.268226919340966,1.5906579943351649
IND,India,South Asia,Lower middle income,03 Medios-bajos ingresos,C4. Cap. escasa extensión c/peso campo,No peq. estado,No excluible,No OCDE,India,370831.9645,284371.724,80055.88633333333,121378.256,44399.950000000004,18.927830606426518,76.6847929043614,22.47764734492278,32.7313359202076,12.339702178247444,8.889062195677546
IRL,Ireland,Europe & Central Asia,High income,01 Altos ingresos,C1. Cap. avanzado,No peq. estado,No excluible,OCDE,Ireland,2048.6621818181816,333.91727272727275,12.487454545454545,250.88954545454544,160.34463636363637,0.10456685091731542,16.299284269060024,0.6130896756907279,12.246506411900556,7.883357712511277,0.25437342669710916
IRN,"Iran, Islamic Rep.",Middle East & North Africa,Lower middle income,03 Medios-bajos ingresos,C3. Cap. extensión c/peso campo,No peq. estado,No excluible,No OCDE,"Iran, Islamic Republic of",21472.33736363636,8735.176636363636,651.0275454545455,5832.1281818181815,2700.762909090909,1.0959809381344525,40.681070199449984,3.0846363328010953,27.161124022273206,12.865381452747258,1.5772036811181454
ISL,Iceland,Europe & Central Asia,High income,01 Altos ingresos,C1. Cap. avanzado,No peq. estado,No excluible,OCDE,Iceland,176.43566666666666,21.423,0.32422222222222224,18.301555555555556,10.346909090909092,0.009005546261637324,12.142102787229339,0.18450837812203605,10.372934169898882,5.780704405262851,0.14484361434888107
ISR,Israel,Middle East & North Africa,High income,01 Altos ingresos,C1. Cap. avanzado,No peq. estado,No excluible,OCDE,Israel,3583.041625,320.343875,6.14525,313.155875,205.59981818181816,0.18288392432733558,8.94055689347455,0.17850966830541995,8.739945213446969,7.1924719405571045,0.16824808428206733
ITA,Italy,Europe & Central Asia,High income,01 Altos ingresos,C1. Cap. avanzado,No peq. estado,No excluible,OCDE,Italy,22656.418636363636,5497.338454545455,223.58554545454544,5075.798636363636,2143.437818181818,1.1564182571898431,24.263933955220114,0.9976285805853137,22.403358261649352,9.563922031239075,0.6116602145944097
JAM,Jamaica,Latin America & Caribbean,Upper middle income,02 Medios-altos ingresos,C2. Cap. extensión reciente c/desarrollo profundidad,No peq. estado,No excluible,No OCDE,Jamaica,1142.1264999999999,420.8528,22.697999999999997,242.2333,130.92428571428573,0.058295883291125485,36.84817750047828,2.0644473569562085,21.208972911494484,11.752993616883215,1.2744243353116957
JOR,Jordan,Middle East & North Africa,Upper middle income,02 Medios-altos ingresos,C1. Cap. avanzado,No peq. estado,No excluible,No OCDE,Jordan,2188.1536666666666,204.58399999999997,11.886000000000001,194.50933333333333,217.115,0.11168670963772255,9.34961758474915,0.5432021506283813,8.889198976123097,9.922366237829069,0.5249902464164934
JPN,Japan,East Asia & Pacific,High income,01 Altos ingresos,C1. Cap. avanzado,No peq. estado,No excluible,OCDE,Japan,62834.046727272726,5620.064545454546,892.721090909091,4105.346545454545,8797.546181818181,3.207145841307611,8.944298255765839,1.4442290132687268,6.533633848657793,14.22112205465205,1.3753008275532275
KEN,Kenya,Sub-Saharan Africa,Lower middle income,03 Medios-bajos ingresos,C4. Cap. escasa extensión c/peso campo,No peq. estado,No excluible,No OCDE,Kenya,18697.647,11333.235,4357.987,6621.084,3419.357,0.9543564984532474,60.61316164541987,23.399315339789627,35.411322077050656,18.337107894863994,10.574746631841935
KGZ,Kyrgyz Republic,Europe & Central Asia,Lower middle income,03 Medios-bajos ingresos,C3. Cap. extensión c/peso campo,No peq. estado,No excluible,No OCDE,Kyrgyzstan,2183.6994999999997,780.9431000000001,57.8991,381.8976,267.75570000000005,0.11145936215899824,35.76238855208788,2.6569740825816903,17.48856012468749,11.736787529699688,1.5746440162229758
KHM,Cambodia,East Asia & Pacific,Lower middle income,03 Medios-bajos ingresos,C4. Cap. escasa extensión c/peso campo,No peq. estado,No excluible,No OCDE,Cambodia,8316.122800000001,4893.5557,212.2892,1710.4289,485.9776,0.4244676261197581,58.84419720209037,2.572167259426091,20.567624374185527,5.883796752718498,0.10256288615793327
KIR,Kiribati,East Asia & Pacific,Lower middle income,03 Medios-bajos ingresos,,Peq. estado,Excluíble,No OCDE,Kiribati,23.788,6.462,2.163,4.415,2.1105,0.00121417590059358,27.164957121237595,9.031692346235749,18.55977803934757,7.961146737080348,2.6990722578380044
KOR,"Korea, Rep.",East Asia & Pacific,High income,01 Altos ingresos,C2. Cap. extensión reciente c/desarrollo profundidad,No peq. estado,No excluible,OCDE,Republic of Korea,25658.554090909092,8107.912181818182,1008.6541818181818,6844.031454545455,3260.58,1.3096518421581735,31.599255956090065,3.9310639683635262,26.673488421431813,12.70757462025699,3.603515998521357
KOS,,,,,,,,,Kosovo,339.359125,76.153375,18.793,61.440374999999996,60.3065,0.017321408744809325,22.44034988008647,5.63445312330182,18.10482479290928,18.081417574262993,4.115832842377488
LAO,Lao PDR,East Asia & Pacific,Lower middle income,03 Medios-bajos ingresos,C5. Pequeña propiedad en el campo,No peq. estado,No excluible,No OCDE,Lao People's Democratic Republic,2920.427333333333,2403.482333333333,131.3725,394.8953333333334,162.78300000000002,0.1490630774999204,82.29899459919221,4.645112815186405,13.521833905129412,5.966041687855108,3.225465141512999
LBN,Lebanon,Middle East & North Africa,Lower middle income,03 Medios-bajos ingresos,C2. Cap. extensión reciente c/desarrollo profundidad,No peq. estado,No excluible,No OCDE,Lebanon,1588.139,319.293,22.721,289.104,225.729,0.08106104340813802,20.104852283081016,1.5010358805777677,18.203948143078158,14.924093264591269,1.1406148854400393
LBR,Liberia,Sub-Saharan Africa,Low income,04 Bajos ingresos,C4. Cap. escasa extensión c/peso campo,No peq. estado,No excluible,No OCDE,Liberia,777.134,557.4865,97.881,258.9615,53.673500000000004,0.03966610788346608,71.73621280242531,11.496813977389518,33.322631618228,7.055502426937196,5.036502021383274
LCA,St. Lucia,Latin America & Caribbean,Upper middle income,02 Medios-altos ingresos,C2. Cap. extensión reciente c/desarrollo profundidad,No peq. estado,Excluíble,No OCDE,Saint Lucia,77.2145,16.296,1.269,11.51725,10.759666666666666,0.003941146169345173,21.104844297379376,1.6067291013374636,14.91591605203686,13.610872168530419,0.8924663151201722
LKA,Sri Lanka,South Asia,Lower middle income,03 Medios-bajos ingresos,C3. Cap. extensión c/peso campo,No peq. estado,No excluible,No OCDE,Sri Lanka,7773.810555555556,3129.1337777777776,334.66255555555557,1644.5111111111112,989.2538181818181,0.3967871797686037,40.25225152343778,4.359534471842931,21.154504594093318,12.99241408563165,0.8154909243628092
LSO,Lesotho,Sub-Saharan Africa,Lower middle income,03 Medios-bajos ingresos,C2. Cap. extensión reciente c/desarrollo profundidad,No peq. estado,No excluible,No OCDE,Lesotho,643.924,212.879,7.811,71.607,132.097,0.03286686575642426,33.05964679061504,1.2178788544984807,11.12041172560737,20.55466170397503,0.15266892007172583
LTU,Lithuania,Europe & Central Asia,High income,01 Altos ingresos,C2. Cap. extensión reciente c/desarrollo profundidad,No peq. estado,No excluible,OCDE,Lithuania,1318.8419090909092,153.75936363636364,3.7823636363636366,92.30518181818182,100.51236363636363,0.06731570803392513,11.658665271135606,0.2877388173053536,6.998957280771332,7.646355934301572,0.11100729153899695
LUX,Luxembourg,Europe & Central Asia,High income,01 Altos ingresos,C1. Cap. avanzado,No peq. estado,No excluible,OCDE,Luxembourg,232.75854545454547,20.63509090909091,0.7466363636363638,18.468,19.728454545454547,0.011880352133349774,8.865449330246248,0.306284253267579,7.9344025646553735,8.55640084928034,0.2858786791882625
LVA,Latvia,Europe & Central Asia,High income,01 Altos ingresos,C1. Cap. avanzado,No peq. estado,No excluible,OCDE,Latvia,887.8860909090909,101.73881818181817,8.588818181818182,68.58318181818183,100.49845454545454,0.0453190639841121,11.458543975798698,0.9725932673778587,7.7243221310022685,11.38211591383271,0.41030023653769393
MAR,Morocco,Middle East & North Africa,Lower middle income,03 Medios-bajos ingresos,C3. Cap. extensión c/peso campo,No peq. estado,No excluible,No OCDE,Morocco,9220.76,3555.82,1006.9300000000001,2106.66,1547.45,0.4706416923304716,38.56319869511841,10.81975844580074,22.846923680911335,16.89639961303538,3.5131837921943156
MDA,Moldova,Europe & Central Asia,Upper middle income,02 Medios-altos ingresos,C3. Cap. extensión c/peso campo,No peq. estado,No excluible,No OCDE,Republic of Moldova,1683.3001818181817,963.5072727272727,110.8329090909091,78.38372727272727,90.99872727272727,0.08591821566455471,57.239183072300285,6.602749639185205,4.656550751872594,5.420898000288866,0.20146015702441525
MDG,Madagascar,Sub-Saharan Africa,Low income,04 Bajos ingresos,C5. Pequeña propiedad en el campo,No peq. estado,No excluible,No OCDE,Madagascar,10611.6005,9106.957999999999,4317.776,1874.9364999999998,506.0715,0.5416323185567001,85.82077698835343,42.116504117594445,17.668743748881234,4.938814682134098,3.9226855803062084
MDV,Maldives,South Asia,Upper middle income,02 Medios-altos ingresos,C2. Cap. extensión reciente c/desarrollo profundidad,No peq. estado,No excluible,No OCDE,Maldives,151.42,34.891,1.57,24.017249999999997,17.649250000000002,0.007728708376823602,23.042530709285433,1.0439280952966719,15.861345925241052,11.545928088380805,0.9106339183371055
MEX,Mexico,Latin America & Caribbean,Upper middle income,02 Medios-altos ingresos,C2. Cap. extensión reciente c/desarrollo profundidad,No peq. estado,No excluible,OCDE,Mexico,48240.990090909094,13276.343363636364,2565.953818181818,9752.524272727273,5746.713545454546,2.4622939124413787,27.520876620934573,5.269831506194017,20.216260599852642,12.074778060096106,1.7750651871261178
MHL,Marshall Islands,East Asia & Pacific,Upper middle income,02 Medios-altos ingresos,,Peq. estado,Excluíble,No OCDE,Marshall Islands,15.804,2.188,0.798,1.658,2.118,0.0008066603301236312,13.84459630473298,5.073431241655542,10.49101493292837,13.081341486010746,3.7145570213558297
MKD,North Macedonia,Europe & Central Asia,Upper middle income,02 Medios-altos ingresos,C2. Cap. extensión reciente c/desarrollo profundidad,No peq. estado,No excluible,No OCDE,North Macedonia,689.7720909090909,142.93227272727273,81.06781818181818,42.77190909090909,48.760727272727266,0.035207022435003454,20.721666563646252,11.856889658299329,6.200875572471698,7.1305742674872,0.9512485379345827
MLI,Mali,Sub-Saharan Africa,Low income,04 Bajos ingresos,C5. Pequeña propiedad en el campo,No peq. estado,No excluible,No OCDE,Mali,5532.778375,4657.388875,44.449714285714286,1298.919875,112.27685714285714,0.2824014699113128,84.17812099693944,0.8147944046950476,23.47681014784909,2.046264802190124,0.7525963573266286
MLT,Malta,Middle East & North Africa,High income,01 Altos ingresos,C1. Cap. avanzado,No peq. estado,No excluible,No OCDE,Malta,200.927625,28.779375,1.10725,27.382375,18.190454545454546,0.010255653272175218,14.323254455428913,0.5561439846605218,13.62797922883924,9.414706788780176,0.5286177404162691
MMR,Myanmar,East Asia & Pacific,Lower middle income,03 Medios-bajos ingresos,C4. Cap. escasa extensión c/peso campo,No peq. estado,No excluible,No OCDE,Myanmar,21718.1436,13113.49,1209.7459999999999,4991.5712,1678.657,1.1085272643665165,60.38034484678516,5.562101618183125,22.98341558069448,7.7354503865354305,1.1202837713323452
MNE,Montenegro,Europe & Central Asia,Upper middle income,02 Medios-altos ingresos,C1. Cap. avanzado,No peq. estado,No excluible,No OCDE,Montenegro,218.4218888888889,59.17877777777778,3.9494444444444445,47.236222222222224,13.973222222222223,0.01114858725622236,27.09379452710529,1.8146073209156914,21.62613942334839,6.405637576371893,1.119656987276541
MNG,Mongolia,East Asia & Pacific,Lower middle income,03 Medios-bajos ingresos,C3. Cap. extensión c/peso campo,No peq. estado,No excluible,No OCDE,Mongolia,1118.6458181818182,560.1727272727272,12.103545454545456,222.65663636363635,76.95627272727273,0.05709739338053435,50.07596847617053,1.0866135614373833,19.904122712006334,6.896501438130647,0.931254354704087
MOZ,Mozambique,Sub-Saharan Africa,Low income,04 Bajos ingresos,C5. Pequeña propiedad en el campo,No peq. estado,No excluible,No OCDE,Mozambique,9572.669,8041.182000000001,85.53999999999999,1257.1750000000002,347.999,0.4886036658886516,84.00146291488822,0.894255303512069,13.132962186407992,3.5472096223434075,0.6715591307384333
MRT,Mauritania,Sub-Saharan Africa,Lower middle income,03 Medios-bajos ingresos,C4. Cap. escasa extensión c/peso campo,No peq. estado,No excluible,No OCDE,Mauritania,816.1255,495.3875,,278.672,,0.04165629367579812,60.69991686327654,,34.145728812541705,,
MUS,Mauritius,Sub-Saharan Africa,Upper middle income,02 Medios-altos ingresos,C2. Cap. extensión reciente c/desarrollo profundidad,No peq. estado,No excluible,No OCDE,Mauritius,524.5494545454545,85.9730909090909,6.092454545454545,70.52636363636363,71.41681818181819,0.026773806388876675,16.38989234744137,1.1608926905697927,13.445131440938752,13.596957103515908,0.5502362607370815
MWI,Malawi,Sub-Saharan Africa,Low income,04 Bajos ingresos,C4. Cap. escasa extensión c/peso campo,No peq. estado,No excluible,No OCDE,Malawi,5712.273,3515.691,237.78699999999998,1095.191,191.631,0.29156315008455486,61.546270635174466,4.0884452295483165,19.172595567473753,3.3521109810055614,0.4001320752172526
NAM,Namibia,Sub-Saharan Africa,Upper middle income,02 Medios-altos ingresos,C2. Cap. extensión reciente c/desarrollo profundidad,No peq. estado,No excluible,No OCDE,Namibia,661.6080000000001,206.56416666666667,34.987833333333334,90.14233333333334,105.5175,0.033769484161758755,31.221533999991937,5.569971763689517,13.62473448527426,16.787558584298413,2.470785738334275
NCL,New Caledonia,East Asia & Pacific,High income,01 Altos ingresos,C1. Cap. avanzado,No peq. estado,Excluíble,No OCDE,New Caledonia,59.37833333333333,3.143,,2.921,,0.0030307609446252643,5.293176523423246,,4.919302775984506,,
NER,Niger,Sub-Saharan Africa,Low income,04 Bajos ingresos,C5. Pequeña propiedad en el campo,No peq. estado,No excluible,No OCDE,Niger,4807.0445,4135.7365,75.7645,935.118,174.793,0.24535890301752628,86.03491188816747,1.6691160709191202,19.453075585216656,3.846243557063993,1.1515963803710747
NIC,Nicaragua,Latin America & Caribbean,Lower middle income,03 Medios-bajos ingresos,C3. Cap. extensión c/peso campo,No peq. estado,No excluible,No OCDE,Nicaragua,2768.6945,1263.5900000000001,411.6565,778.5445,496.151,0.14131840163132636,45.638476906715425,14.919815187852965,28.11955237387151,17.928478109612648,6.33313304354905
NIU,,,,,,,,,Niue,0.731,0.063,0.006,0.052000000000000005,0.042,3.731135796762682e-05,8.618331053351573,0.8010680907877169,7.113543091655267,5.645161290322581,0.37214381700095567
NLD,Netherlands,Europe & Central Asia,High income,01 Altos ingresos,C1. Cap. avanzado,No peq. estado,No excluible,OCDE,Netherlands,7708.91,1189.0870909090909,37.61318181818182,1086.5094545454544,617.0883636363636,0.3934745561562491,15.424840748031706,0.45176270657338236,14.094203389914457,8.104427192948785,0.35463584316341107
NOR,Norway,Europe & Central Asia,High income,01 Altos ingresos,C1. Cap. avanzado,No peq. estado,No excluible,OCDE,Norway,2599.2434545454544,182.07536363636362,2.9627272727272724,148.87263636363636,97.2129090909091,0.1326693611184082,7.004936891077187,0.11562425728089566,5.7275372225442664,3.7975011697818704,0.0941464605748505
NPL,Nepal,South Asia,Lower middle income,03 Medios-bajos ingresos,C5. Pequeña propiedad en el campo,No peq. estado,No excluible,No OCDE,Nepal,7397.457,2948.464,199.54000000000002,1800.2030000000002,909.7230000000001,0.3775775187101599,39.85780518899941,2.7054070177341507,24.33543040534065,12.334227000983514,0.9683072050263526
NRU,Nauru,East Asia & Pacific,High income,01 Altos ingresos,,Peq. estado,Excluíble,No OCDE,Nauru,3.6270000000000002,0.218,0.055,0.174,0.753,0.00018512762701584475,6.010476978218914,1.5260821309655936,4.797353184449958,20.772413793103446,1.7400306844388562
PAK,Pakistan,South Asia,Lower middle income,03 Medios-bajos ingresos,C4. Cap. escasa extensión c/peso campo,No peq. estado,No excluible,No OCDE,Pakistan,51519.9486,29320.778899999998,1114.4093,11044.326000000001,6226.859200000001,2.6296569694778857,56.91150650720951,2.1638491252244965,21.436989554760544,11.813584621200958,0.4000188854854923
PAN,Panama,Latin America & Caribbean,High income,01 Altos ingresos,C2. Cap. extensión reciente c/desarrollo profundidad,No peq. estado,No excluible,No OCDE,Panama,1703.1135000000002,540.0264,59.31699999999999,356.17199999999997,258.5377272727273,0.08692951772639919,31.708186213073876,3.4335536022074433,20.912992586812326,15.928564191371848,2.0848455179099963
PER,Peru,Latin America & Caribbean,Upper middle income,02 Medios-altos ingresos,C3. Cap. extensión c/peso campo,No peq. estado,No excluible,No OCDE,Peru,16755.325272727274,8190.553545454545,2896.6633636363636,4801.901272727272,3243.306363636364,0.8552174269695648,48.883285833825916,17.407760435435254,28.65895585174554,19.40394860058495,7.05815685277389
PHL,Philippines,East Asia & Pacific,Lower middle income,03 Medios-bajos ingresos,C3. Cap. extensión c/peso campo,No peq. estado,No excluible,No OCDE,Philippines,39733.863,14412.038999999999,3588.7948181818183,7649.590625,6202.054625000001,2.0280771351978695,36.271426717306596,9.346055658762337,19.252068758076707,15.72437379150405,1.546951701699433
PLW,Palau,East Asia & Pacific,Upper middle income,02 Medios-altos ingresos,,No peq. estado,Excluíble,No OCDE,Palau,8.535,0.514,0.138,0.40800000000000003,1.2530000000000001,0.0004356394531514295,6.022261277094318,1.6100805040252013,4.780316344463972,14.562993956299398,1.5478709262739347
PRI,Puerto Rico,Latin America & Caribbean,High income,01 Altos ingresos,C1. Cap. avanzado,No peq. estado,No excluible,No OCDE,Puerto Rico,1061.894,124.853,6.916,121.105,34.19,0.05420069378614927,11.75757655660546,0.6472110314106974,11.40462230693459,3.220428385735546,0.6432961484163615
PRT,Portugal,Europe & Central Asia,High income,01 Altos ingresos,C2. Cap. extensión reciente c/desarrollo profundidad,No peq. estado,No excluible,OCDE,Portugal,4711.704090909091,941.3773636363636,28.707636363636365,615.6554545454545,502.1338181818182,0.24049258272700524,19.97955188766388,0.6125979250928206,13.0665135727288,10.715133185309133,0.37759798236406555
PRY,Paraguay,Latin America & Caribbean,Upper middle income,02 Medios-altos ingresos,C3. Cap. extensión c/peso campo,No peq. estado,No excluible,No OCDE,Paraguay,3122.3070909090907,1232.346090909091,161.8868181818182,656.0356363636364,518.7181818181817,0.15936732907492288,39.46908664100305,5.195069308871159,21.011246404101307,16.63482302640371,2.9774826989618965
PSE,West Bank and Gaza,Middle East & North Africa,Lower middle income,03 Medios-bajos ingresos,C2. Cap. extensión reciente c/desarrollo profundidad,No peq. estado,No excluible,No OCDE,"Palestine, State of",860.3687272727274,214.24154545454547,19.342363636363636,162.79981818181818,123.66300000000001,0.043914535659951064,24.901131185191634,2.3613007963338943,18.922098516745884,15.096487393430381,1.077920922428385
ROU,Romania,Europe & Central Asia,High income,01 Altos ingresos,C3. Cap. extensión c/peso campo,No peq. estado,No excluible,No OCDE,Romania,8661.405818181818,2605.5718181818183,371.6314545454545,485.12781818181816,560.7042727272727,0.4420913994323769,30.082550949318914,4.3264498550429655,5.601028613200981,6.527490306893105,0.8075638919085879
RUS,Russian Federation,Europe & Central Asia,Upper middle income,02 Medios-altos ingresos,C1. Cap. avanzado,No peq. estado,No excluible,No OCDE,Russian Federation,69907.5706,4035.7027000000003,157.345,2312.9461,5908.035181818182,3.5681893177889807,5.772912240208788,0.22507406023007887,3.308577426090673,8.609655850915606,0.09254249850435396
RWA,Rwanda,Sub-Saharan Africa,Low income,04 Bajos ingresos,C5. Pequeña propiedad en el campo,No peq. estado,No excluible,No OCDE,Rwanda,4075.4625,1989.12675,115.76275000000001,722.7385,666.096,0.20801783887980757,48.8073868916718,2.843114627343416,17.733901367022764,15.648180004249774,0.5378932911126039
SEN,Senegal,Sub-Saharan Africa,Lower middle income,03 Medios-bajos ingresos,C4. Cap. escasa extensión c/peso campo,No peq. estado,No excluible,No OCDE,Senegal,3695.2847500000003,2482.57025,172.25933333333333,1311.52975,345.06,0.18861298508832067,67.18210957897088,9.480863910788024,35.491980692421606,18.99895661558029,14.030711337375797
SLB,Solomon Islands,East Asia & Pacific,Lower middle income,03 Medios-bajos ingresos,C4. Cap. escasa extensión c/peso campo,No peq. estado,No excluible,No OCDE,Solomon Islands,356.095,248.482,4.329,105.083,7.22,0.018175633400112277,69.77969362108426,1.2159600016853223,29.509821817211694,1.9897316618117582,0.42092245633096975
SLE,Sierra Leone,Sub-Saharan Africa,Low income,04 Bajos ingresos,C5. Pequeña propiedad en el campo,No peq. estado,No excluible,No OCDE,Sierra Leone,2372.197,2001.201,91.7125,700.81,111.711,0.12108056284094454,84.36065807350738,3.8804912362355477,29.542656027302957,4.69359454655497,3.279718192877714
SLV,El Salvador,Latin America & Caribbean,Lower middle income,03 Medios-bajos ingresos,C2. Cap. extensión reciente c/desarrollo profundidad,No peq. estado,No excluible,No OCDE,El Salvador,2655.2707,963.4441,209.1873,715.3385999999999,467.83209999999997,0.13552907741265535,36.28421388448266,7.9033933609581,26.940326649181188,19.209104516181434,3.926581923350388
SOM,Somalia,Sub-Saharan Africa,Low income,04 Bajos ingresos,C5. Pequeña propiedad en el campo,No peq. estado,No excluible,No OCDE,Somalia,1033.801,471.935,220.788,275.358,274.554,0.052766784101628696,45.65046851376619,21.809733320030784,26.635493678183714,27.12078376984762,12.416457273781976
SRB,Serbia,Europe & Central Asia,Upper middle income,02 Medios-altos ingresos,C2. Cap. extensión reciente c/desarrollo profundidad,No peq. estado,No excluible,No OCDE,Serbia,2560.151272727273,691.3961818181818,44.20918181818182,250.49890909090908,176.73981818181818,0.1306740363720967,27.006067539190862,1.735913331447856,9.784535459268314,6.938416042791856,0.4531896503092813
STP,Sao Tome and Principe,Sub-Saharan Africa,Lower middle income,03 Medios-bajos ingresos,C3. Cap. extensión c/peso campo,No peq. estado,Excluíble,No OCDE,Sao Tome and Principe,25.478,12.097,1.098,6.099,2.094,0.0013004360852246187,47.480178977941755,4.016387446045798,23.938299709553338,8.279625163101498,2.8379439009694334
SUR,Suriname,Latin America & Caribbean,Upper middle income,02 Medios-altos ingresos,C1. Cap. avanzado,No peq. estado,No excluible,No OCDE,Suriname,178.025,34.142,6.018000000000001,25.499000000000002,14.271,0.00908666826564537,19.178205308243225,3.386968781130228,14.323269203763516,10.92146078651456,1.9465156998752906
SVK,Slovak Republic,Europe & Central Asia,High income,01 Altos ingresos,C2. Cap. extensión reciente c/desarrollo profundidad,No peq. estado,No excluible,OCDE,Slovakia,1937.408818181818,246.12372727272725,10.696272727272728,233.50081818181818,142.78772727272727,0.09888830909003919,12.703757976269804,0.5252535678015666,12.052222328633226,7.87267011864905,0.4644409936116498
SVN,Slovenia,Europe & Central Asia,High income,01 Altos ingresos,C2. Cap. extensión reciente c/desarrollo profundidad,No peq. estado,No excluible,OCDE,Slovenia,938.0424545454546,150.14881818181817,21.506181818181815,90.62572727272727,50.3650909090909,0.04787912149162349,16.006612222532667,2.3131621968000706,9.66115412299133,5.431864376734604,0.33433643284817693
SWE,Sweden,Europe & Central Asia,High income,01 Altos ingresos,C1. Cap. avanzado,No peq. estado,No excluible,OCDE,Sweden,4773.963545454546,490.4919090909091,11.976363636363637,433.04254545454546,237.6151818181818,0.24367040050459027,10.274311992975381,0.25104131935457114,9.070922752790187,5.004188461748031,0.22444209835313975
SWZ,Eswatini,Sub-Saharan Africa,Lower middle income,03 Medios-bajos ingresos,C2. Cap. extensión reciente c/desarrollo profundidad,No peq. estado,No excluible,No OCDE,Eswatini,284.033,96.707,6.851,79.262,40.664,0.014497478710833038,34.04780430442941,2.4109147470140693,27.90591234117162,14.252367566961311,1.6006116070234906
SYC,Seychelles,Sub-Saharan Africa,High income,01 Altos ingresos,,Peq. estado,Excluíble,No OCDE,Seychelles,42.41266666666667,4.613,0.3561666666666667,4.081499999999999,5.911833333333333,0.0021648073712197454,10.876467721906979,0.8427387233908304,9.623304358760747,13.783388900546345,0.7813801258565443
TCD,Chad,Sub-Saharan Africa,Low income,04 Bajos ingresos,C5. Pequeña propiedad en el campo,No peq. estado,No excluible,No OCDE,Chad,4296.825,3865.4919999999997,26.62,880.987,81.753,0.21931651942441605,89.96158791665938,0.6342383897683196,20.50320876461108,1.9476036420638363,0.5724834908490762
TGO,Togo,Sub-Saharan Africa,Low income,04 Bajos ingresos,C4. Cap. escasa extensión c/peso campo,No peq. estado,No excluible,No OCDE,Togo,2514.2563333333333,1999.6813333333332,48.84,1010.8323333333333,69.697,0.1283314884752023,79.53370970263043,2.2601034816422128,40.20402852056055,3.6510427266343513,1.4083800440866097
THA,Thailand,East Asia & Pacific,Upper middle income,02 Medios-altos ingresos,C3. Cap. extensión c/peso campo,No peq. estado,No excluible,No OCDE,Thailand,37505.825125,18734.282375,762.682,7973.2474999999995,3098.462,1.9143546745692026,49.95032721600468,2.033549546719654,21.258691079123405,8.125272772633302,0.7360210700176708
TJK,Tajikistan,Europe & Central Asia,Lower middle income,03 Medios-bajos ingresos,C4. Cap. escasa extensión c/peso campo,No peq. estado,No excluible,No OCDE,Tajikistan,1813.9389999999999,574.5944999999999,169.4765,234.648,182.26000000000002,0.09258622073931468,31.67661646835974,9.761231364334195,12.935826397690331,9.09077759417105,2.1093013576927824
TLS,Timor-Leste,East Asia & Pacific,Lower middle income,03 Medios-bajos ingresos,C4. Cap. escasa extensión c/peso campo,No peq. estado,No excluible,No OCDE,Timor-Leste,338.43525,236.667,31.531000000000002,68.62975,18.1865,0.01727425275186495,69.92977238629841,9.365738612693843,20.278546634843742,5.126409047217704,2.6286118073155635
TON,Tonga,East Asia & Pacific,Upper middle income,02 Medios-altos ingresos,C3. Cap. extensión c/peso campo,No peq. estado,Excluíble,No OCDE,Tonga,34.295500000000004,15.4315,0.157,5.8740000000000006,1.4065,0.001750494770422361,44.99569914420259,0.4587759157254941,17.12761149421936,4.130872138273345,0.047372936631379266
TTO,Trinidad and Tobago,Latin America & Caribbean,High income,01 Altos ingresos,C1. Cap. avanzado,No peq. estado,No excluible,No OCDE,Trinidad and Tobago,614.202,106.39099999999999,14.499714285714287,94.19628571428572,110.75057142857143,0.03134980942056406,17.32182571857467,2.366894538195785,15.33636909588144,18.09301430046735,1.9385768233916896
TUN,Tunisia,Middle East & North Africa,Lower middle income,03 Medios-bajos ingresos,C2. Cap. extensión reciente c/desarrollo profundidad,No peq. estado,No excluible,No OCDE,Tunisia,3195.5717777777777,672.4371111111111,68.84966666666666,396.9907777777778,471.13,0.1631068707413301,21.042779129146286,2.1753327759202605,12.423153206524056,15.55223891682632,0.9733471539602767
TUR,Turkiye,Europe & Central Asia,Upper middle income,02 Medios-altos ingresos,C3. Cap. extensión c/peso campo,No peq. estado,No excluible,OCDE,Türkiye,25735.544727272725,7744.974818181818,1146.783181818182,2800.4416363636365,2685.8604545454546,1.3135815619851487,30.09446623437598,4.456028525443962,10.881610107890682,10.436384892748283,0.8371981955025557
TUV,Tuvalu,East Asia & Pacific,Upper middle income,02 Medios-altos ingresos,,No peq. estado,Excluíble,No OCDE,Tuvalu,3.1055,0.7165,0.013,0.2475,0.257,0.00015850946945070467,23.071969087103525,0.4050264825007789,7.9697311222025435,8.064010040790711,0.09117114341988963
TZA,Tanzania,Sub-Saharan Africa,Lower middle income,03 Medios-bajos ingresos,C5. Pequeña propiedad en el campo,No peq. estado,No excluible,No OCDE,"Tanzania, United Republic of",15271.155666666667,12131.069333333333,1357.0006666666666,3187.061,1191.27,0.7794631404355032,79.43779500468716,9.808044307764183,20.86980887082831,8.523663737946418,5.557077762772366
UGA,Uganda,Sub-Saharan Africa,Low income,04 Bajos ingresos,C5. Pequeña propiedad en el campo,No peq. estado,No excluible,No OCDE,Uganda,12956.819166666666,10109.609666666665,395.1666666666667,1941.8513333333333,722.131,0.6613358660045257,78.02539756574771,3.054156939458057,14.987099135635335,5.598780297222694,0.5545265718673195
URY,Uruguay,Latin America & Caribbean,High income,01 Altos ingresos,C2. Cap. extensión reciente c/desarrollo profundidad,No peq. estado,No excluible,No OCDE,Uruguay,1602.9214545454545,378.56654545454546,57.96354545454546,329.8797272727272,263.26354545454546,0.08181556249594325,23.61728607356477,3.6399721635318296,20.57990591724111,16.53234901531185,2.787090511906508
USA,United States,North America,High income,01 Altos ingresos,C1. Cap. avanzado,No peq. estado,No excluible,OCDE,United States of America,147129.11963636364,9639.618181818181,781.4021818181817,8810.507727272729,12629.77681818182,7.509695280730721,6.551808510540225,0.5310995809755628,5.98828277437417,8.584144416315432,0.46576461559393306
VEN,"Venezuela, RB",Latin America & Caribbean,99_Sin_datos,99_Sin_datos,C2. Cap. extensión reciente c/desarrollo profundidad,No peq. estado,No excluible,No OCDE,"Venezuela, Bolivarian Republic of",12612.966333333332,4905.958833333333,12.198500000000001,4363.269833333333,52.47,0.6437850915138517,38.89615419306994,0.09716512313323941,34.59352636026751,0.41827526780139784,0.09169436108138894
VNM,Vietnam,East Asia & Pacific,Lower middle income,03 Medios-bajos ingresos,C4. Cap. escasa extensión c/peso campo,No peq. estado,No excluible,No OCDE,Viet Nam,52075.02572727273,30562.608090909092,15835.774272727273,9983.00818181818,3500.8661818181818,2.6579889549707927,58.6895688750526,30.456445141505316,19.17043350895529,6.733740757445028,1.9789090487800751
VUT,Vanuatu,East Asia & Pacific,Lower middle income,03 Medios-bajos ingresos,C4. Cap. escasa extensión c/peso campo,No peq. estado,Excluíble,No OCDE,Vanuatu,93.99833333333333,61.91866666666667,4.366333333333333,11.194666666666668,5.732666666666667,0.004797818691327372,65.87208993067253,4.651121502959547,11.909431018280468,6.024661949134731,1.4796307088219929
WLF,,,,,,,,,Wallis and Futuna,3.394,0.34750000000000003,0.0,0.3395,0.6379999999999999,0.00017323495067322225,10.238656452563347,0.0,10.002946375957572,18.84785819793205,0.0
WSM,Samoa,East Asia & Pacific,Lower middle income,03 Medios-bajos ingresos,C3. Cap. extensión c/peso campo,No peq. estado,Excluíble,No OCDE,Samoa,48.983000000000004,20.237333333333336,0.4549999999999999,3.7916666666666665,2.550333333333333,0.0025001672330072023,41.315014052494405,0.9280411193603654,7.740780815112725,5.197866775366011,0.25751555271423365
YEM,"Yemen, Rep.",Middle East & North Africa,Low income,04 Bajos ingresos,C3. Cap. extensión c/peso campo,No peq. estado,No excluible,No OCDE,Yemen,4173.68,1775.99,45.846000000000004,946.4240000000001,305.371,0.2130310102904579,42.55213624427363,1.1018397883706226,22.676007743765695,9.18580030387612,1.170431195870616
ZAF,South Africa,Sub-Saharan Africa,Upper middle income,02 Medios-altos ingresos,C1. Cap. avanzado,No peq. estado,No excluible,No OCDE,South Africa,15343.43509090909,1519.1598181818183,551.6489090909091,1499.1889090909092,3847.5067272727274,0.7831523927906373,9.90104112397825,3.6465609475689225,9.770881814980084,25.43715620080904,3.8019355318738617
ZMB,Zambia,Sub-Saharan Africa,Low income,04 Bajos ingresos,C5. Pequeña propiedad en el campo,No peq. estado,No excluible,No OCDE,Zambia,5380.123666666666,3959.245666666667,214.87,1009.5769999999999,313.58500000000004,0.27460974013283307,73.59023531739142,4.016110796585026,18.764940409362335,6.16830926738382,1.2659653455299946
ZWE,Zimbabwe,Sub-Saharan Africa,Lower middle income,03 Medios-bajos ingresos,C5. Pequeña propiedad en el campo,No peq. estado,No excluible,No OCDE,Zimbabwe,5536.656333333333,4038.469333333333,257.943,807.4426666666667,456.2963333333333,0.28259940683546947,72.94058164708193,4.6638091007768105,14.583579295060694,8.246446451222381,1.6140961383373018
TKL,,,,,,,,,Tokelau,,,0.0,,,,,0.0,,,
ABW,Aruba,Latin America & Caribbean,High income,01 Altos ingresos,,Peq. estado,Excluíble,No OCDE,Aruba,,,,,6.302,,,,,13.672654690618762,
BMU,Bermuda,North America,High income,01 Altos ingresos,,Peq. estado,Excluíble,No OCDE,Bermuda,,,,,1.036,,,,,2.894258974717139,
CUB,Cuba,Latin America & Caribbean,Upper middle income,02 Medios-altos ingresos,C2. Cap. extensión reciente c/desarrollo profundidad,No peq. estado,No excluible,No OCDE,Cuba,,,,,647.5606666666666,,,,,18.01281743399489,
CYM,Cayman Islands,Latin America & Caribbean,High income,01 Altos ingresos,,Peq. estado,Excluíble,No OCDE,Cayman Islands,,,,,2.5625999999999998,,,,,11.993597423992812,
DZA,Algeria,Middle East & North Africa,Lower middle income,03 Medios-bajos ingresos,C2. Cap. extensión reciente c/desarrollo profundidad,No peq. estado,No excluible,No OCDE,Algeria,,,,,1287.0,,,,,12.714878482513337,
IMN,Isle of Man,Europe & Central Asia,High income,01 Altos ingresos,,Peq. estado,Excluíble,No OCDE,Isle of Man,,,,,2.8305,,,,,8.053433485553326,
MAC,"Macao SAR, China",East Asia & Pacific,High income,01 Altos ingresos,C1. Cap. avanzado,No peq. estado,No excluible,No OCDE,"Macau, China",,,,,17.3,,,,,67.44639376218323,
MYS,Malaysia,East Asia & Pacific,Upper middle income,02 Medios-altos ingresos,C2. Cap. extensión reciente c/desarrollo profundidad,No peq. estado,No excluible,No OCDE,Malaysia,,,,,1051.7833333333333,,,,,8.996393288380116,
NGA,Nigeria,Sub-Saharan Africa,Lower middle income,03 Medios-bajos ingresos,C4. Cap. escasa extensión c/peso campo,No peq. estado,No excluible,No OCDE,Nigeria,,,,,1639.85,,,,,3.0102409872437628,
PNG,Papua New Guinea,East Asia & Pacific,Lower middle income,03 Medios-bajos ingresos,C5. Pequeña propiedad en el campo,No peq. estado,No excluible,No OCDE,Papua New Guinea,,,,,549.194,,,,,37.940051024813975,
POL,Poland,Europe & Central Asia,High income,01 Altos ingresos,C2. Cap. extensión reciente c/desarrollo profundidad,No peq. estado,No excluible,OCDE,Poland,,,,,990.8538181818182,,,,,6.277441002758381,
QAT,Qatar,Middle East & North Africa,High income,01 Altos ingresos,C2. Cap. extensión reciente c/desarrollo profundidad,No peq. estado,No excluible,No OCDE,Qatar,,,,,315.41200000000003,,,,,22.464762148956936,
REU,,,,,,,,,Réunion,,,,,13.69,,,,,5.891694389333838,
SGP,Singapore,East Asia & Pacific,High income,01 Altos ingresos,C1. Cap. avanzado,No peq. estado,No excluible,No OCDE,Singapore,,,,,132.1,,,,,13.074954399558845,
UKR,Ukraine,Europe & Central Asia,Lower middle income,03 Medios-bajos ingresos,C2. Cap. extensión reciente c/desarrollo profundidad,No peq. estado,No excluible,No OCDE,Ukraine,,,,,1422.2104444444444,,,,,7.962403607541148,
