iso3c,ref_area.label,country,region,income_group,income_group_2,cluster_pimsa,peq_estado,excl_tamaño,ocde,n_ocup_totales,n_tcp_fliares_totales,n_tcp_fliares_calif_baja,n_tcp_fliares_no_agro,n_no_agro_calif_baja,prop_ocup_totales,prop_tcp_fliares_totales,prop_tcp_fliares_calif_baja,prop_tcp_fliares_no_agro,prop_no_agro_calif_baja,prop_tcp_fliares_no_agro_calif_baja
AFG,Afghanistan,Afghanistan,South Asia,Low income,04 Bajos ingresos,C4. Cap. escasa extensión c/peso campo,No peq. estado,No excluible,No OCDE,6289.658,4661.569,486.5885,2106.877,877.7935,0.3219824834781114,74.11482468522136,7.958420603800963,33.49748110310608,14.423152601140684,3.3538791565838353
AGO,Angola,Angola,Sub-Saharan Africa,Lower middle income,03 Medios-bajos ingresos,C4. Cap. escasa extensión c/peso campo,No peq. estado,No excluible,No OCDE,6571.79025,4546.97225,437.95125,1423.662,486.46025000000003,0.3364255012899332,69.18924793742465,6.71855796333238,21.663229437366784,7.650362749612497,1.3036595818219066
ALB,Albania,Albania,Europe & Central Asia,Upper middle income,02 Medios-altos ingresos,C4. Cap. escasa extensión c/peso campo,No peq. estado,No excluible,No OCDE,1141.214,637.3138181818182,13.7136,178.12745454545455,64.3001,0.05842144642840507,55.845250599959186,1.208383930122108,15.60859352807226,5.6617829861230184,0.7909406160263232
ARE,United Arab Emirates,United Arab Emirates,Middle East & North Africa,High income,01 Altos ingresos,C1. Cap. avanzado,No peq. estado,No excluible,No OCDE,6074.083666666667,63.42333333333333,20.608666666666668,62.510333333333335,1127.3323333333333,0.31094672299307313,1.0441629851328467,0.3419657382698246,1.0291319113099693,18.741174890948372,0.5291818679717408
ARG,Argentina,Argentina,Latin America & Caribbean,Upper middle income,02 Medios-altos ingresos,C1. Cap. avanzado,No peq. estado,No excluible,No OCDE,10831.738444444445,2185.5104444444446,170.24766666666667,2161.7457777777777,1738.2612222222222,0.5545023345828274,20.176913019584447,1.6992594210434846,19.95751456578541,17.70500742373635,1.4296960871880633
ARM,Armenia,Armenia,Europe & Central Asia,Upper middle income,02 Medios-altos ingresos,C3. Cap. extensión c/peso campo,No peq. estado,No excluible,No OCDE,1105.3035454545454,453.7107272727273,6.8069999999999995,84.31963636363636,71.5992,0.05658310524397608,41.04851822276053,0.6444481178081833,7.6286407214011716,6.774494613270437,0.05461927793369661
ATG,Antigua and Barbuda,Antigua and Barbuda,Latin America & Caribbean,High income,01 Altos ingresos,NA,Peq. estado,Excluíble,No OCDE,36.423,4.212,NA,3.7809999999999997,NA,0.0018645795996735039,11.56412157153447,NA,10.380803338549816,NA,NA
AUS,Australia,Australia,East Asia & Pacific,High income,01 Altos ingresos,C1. Cap. avanzado,No peq. estado,No excluible,OCDE,11369.589818181817,1057.3192727272726,104.74845454545455,907.1770909090909,892.3244545454545,0.5820362197413008,9.299537535087218,0.8954480492583351,7.978978181414845,7.621783389110966,0.7545119494782038
AUT,Austria,Austria,Europe & Central Asia,High income,01 Altos ingresos,C1. Cap. avanzado,No peq. estado,No excluible,OCDE,4150.578909090909,383.9230909090909,13.409181818181818,250.28145454545455,352.29027272727274,0.21247796064920563,9.249868495890869,0.32392043048491787,6.03003725570111,8.510139793221589,4.0600921985896014e-45
BDI,Burundi,Burundi,Sub-Saharan Africa,Low income,04 Bajos ingresos,C5. Pequeña propiedad en el campo,No peq. estado,No excluible,No OCDE,3671.999,3178.75,NA,155.78,NA,0.1879783220882823,86.56728937017685,NA,4.242375882999968,NA,NA
BEL,Belgium,Belgium,Europe & Central Asia,High income,01 Altos ingresos,C1. Cap. avanzado,No peq. estado,No excluible,OCDE,4579.728909090909,671.6491818181818,16.93581818181818,629.8340000000001,453.362,0.23444716514086977,14.665697362237678,0.37200125729691585,13.752648082504608,9.958345132327555,0.07652597412817598
BEN,Benin,Benin,Sub-Saharan Africa,Lower middle income,03 Medios-bajos ingresos,C4. Cap. escasa extensión c/peso campo,No peq. estado,No excluible,No OCDE,3427.482666666667,2893.0306666666665,13.41,1461.8509999999999,29.14,0.17546095210447263,84.40686498001253,0.4626227709758545,42.65086485241647,1.0127162969476022,0.22141605304582423
BFA,Burkina Faso,Burkina Faso,Sub-Saharan Africa,Low income,04 Bajos ingresos,C4. Cap. escasa extensión c/peso campo,No peq. estado,No excluible,No OCDE,5980.088,4928.333,207.231,2175.9083333333333,382.132,0.3061348622862566,82.41238256025665,4.85771736439807,36.385891534260594,8.95420755103834,2.425288054872529
BGD,Bangladesh,Bangladesh,South Asia,Lower middle income,03 Medios-bajos ingresos,C4. Cap. escasa extensión c/peso campo,No peq. estado,No excluible,No OCDE,57504.34966666667,33900.512,6698.426666666666,14611.554666666667,5288.34375,2.9437837981758372,58.95295259664676,11.66742005003828,25.409477285396544,9.115633844188046,0.8822288347513481
BGR,Bulgaria,Bulgaria,Europe & Central Asia,Upper middle income,02 Medios-altos ingresos,C2. Cap. extensión reciente c/desarrollo profundidad,No peq. estado,No excluible,No OCDE,3047.6342727272727,365.6527272727273,21.90281818181818,268.6492727272727,289.5825454545455,0.1560156135461952,11.997920175162989,0.7243730604693406,8.815010223876481,9.576087678671868,0.09880206249580896
BHS,Bahamas,"Bahamas, The",Latin America & Caribbean,High income,01 Altos ingresos,C1. Cap. avanzado,No peq. estado,No excluible,No OCDE,210.297,21.445999999999998,1.436,20.65,31.063,0.010765601297876036,10.197958125888624,0.6833214370687604,9.819445831371821,14.785286586004359,1.2554018866699803
BIH,Bosnia and Herzegovina,Bosnia and Herzegovina,Europe & Central Asia,Upper middle income,02 Medios-altos ingresos,C2. Cap. extensión reciente c/desarrollo profundidad,No peq. estado,No excluible,No OCDE,819.6884545454545,165.16836363636364,18.60109090909091,36.269363636363636,62.85272727272727,0.04196179256056219,20.150139082775684,2.2887304644373847,4.424774246268511,7.731197042871366,NA
BLR,Belarus,Belarus,Europe & Central Asia,Upper middle income,02 Medios-altos ingresos,C2. Cap. extensión reciente c/desarrollo profundidad,No peq. estado,No excluible,No OCDE,4887.7795,175.93375,19.104,149.372,317.688,0.2502170041842341,3.599461677843691,0.4076230111895333,3.0560298393166057,6.734180596051548,0.39759321045594553
BLZ,Belize,Belize,Latin America & Caribbean,Upper middle income,02 Medios-altos ingresos,C2. Cap. extensión reciente c/desarrollo profundidad,No peq. estado,No excluible,No OCDE,147.07966666666667,40.34883333333333,6.7225,29.008499999999998,21.126166666666666,0.007529356340593738,27.43331845099821,4.590909918687342,19.722984595649976,14.47628988896985,1.566732443644926
BOL,Bolivia (Plurinational State of),Bolivia,Latin America & Caribbean,Lower middle income,03 Medios-bajos ingresos,C3. Cap. extensión c/peso campo,No peq. estado,No excluible,No OCDE,5000.4632,2927.391,111.3614,1597.121,322.1356,0.2559855495603901,58.54239663237598,2.258769869029707,31.939461128321074,6.53443614149562,NA
BRA,Brazil,Brazil,Latin America & Caribbean,Upper middle income,02 Medios-altos ingresos,C2. Cap. extensión reciente c/desarrollo profundidad,No peq. estado,No excluible,No OCDE,90372.4139,23994.8534,3340.6834,18045.941,14362.039,4.62637781981688,26.55108164594461,3.716888661254643,19.96841759695433,16.096368203855423,1.4741504793834577
BRB,Barbados,Barbados,Latin America & Caribbean,High income,01 Altos ingresos,C1. Cap. avanzado,No peq. estado,Excluíble,No OCDE,128.138,22.464199999999998,2.053,20.733,18.137,0.0065596875804564,17.53125536530927,1.9458240133449596,16.180211958981722,14.907817624382506,1.0456436669778624
BRN,Brunei Darussalam,Brunei Darussalam,East Asia & Pacific,High income,01 Altos ingresos,C1. Cap. avanzado,No peq. estado,No excluible,No OCDE,199.84675,10.84375,0.94575,8.323,28.266750000000002,0.010230628259919577,5.4260326975545015,0.4870982694684796,4.164691194627884,14.530194614933844,NA
BTN,Bhutan,Bhutan,South Asia,Lower middle income,03 Medios-bajos ingresos,C4. Cap. escasa extensión c/peso campo,No peq. estado,No excluible,No OCDE,305.60900000000004,204.562,1.3159999999999998,45.2425,9.786428571428571,0.015644848224380746,66.93585594665078,0.4373960311960422,14.8040470012336,3.3041986981732054,0.05933798022523501
BWA,Botswana,Botswana,Sub-Saharan Africa,Upper middle income,02 Medios-altos ingresos,C2. Cap. extensión reciente c/desarrollo profundidad,No peq. estado,No excluible,No OCDE,603.1055,112.87349999999999,16.509999999999998,53.3425,128.93233333333333,0.030874398367813975,18.715382300443288,2.7922001048554854,8.844638292968643,19.173168063440478,0.9911320725242154
CAN,Canada,Canada,North America,High income,01 Altos ingresos,C1. Cap. avanzado,No peq. estado,No excluible,OCDE,17827.52472727273,1888.5345454545454,NA,1752.3787272727272,1352.1333333333332,0.9126331965831391,10.593363769483075,NA,9.829624437945222,7.817900957964616,NA
CHE,Switzerland,Switzerland,Europe & Central Asia,High income,01 Altos ingresos,C1. Cap. avanzado,No peq. estado,No excluible,OCDE,4462.558181818182,474.34345454545456,19.480818181818183,376.42027272727273,233.3999090909091,0.22844891821580499,10.629406614306431,0.43769762255284245,8.435078208300418,5.249882243627226,0.1356308103247853
CHL,Chile,Chile,Latin America & Caribbean,High income,01 Altos ingresos,C2. Cap. extensión reciente c/desarrollo profundidad,No peq. estado,No excluible,OCDE,8068.700818181818,1684.929,313.3577272727273,1489.5397272727273,1404.737090909091,0.41305589713781754,20.882283752586556,3.9091559886875715,18.460713327184394,17.535343649820323,2.0501817085071705
CIV,Côte d'Ivoire,Cote d'Ivoire,Sub-Saharan Africa,Lower middle income,03 Medios-bajos ingresos,C4. Cap. escasa extensión c/peso campo,No peq. estado,No excluible,No OCDE,7686.234,5774.196,228.21066666666667,2483.5932,453.53,0.3934765152435789,75.1238643007746,2.766552512983924,32.31222468636786,5.394089800718515,NA
CMR,Cameroon,Cameroon,Sub-Saharan Africa,Lower middle income,03 Medios-bajos ingresos,C4. Cap. escasa extensión c/peso campo,No peq. estado,No excluible,No OCDE,8333.557,6222.148999999999,296.39799999999997,2414.734,530.908,0.42661451211916446,74.6637840240368,3.573581553443007,28.976030283347193,6.3418669917068415,1.581481973244276
COD,"Congo, Democratic Republic of the","Congo, Dem. Rep.",Sub-Saharan Africa,Low income,04 Bajos ingresos,C5. Pequeña propiedad en el campo,No peq. estado,No excluible,No OCDE,27178.709,21946.589,2218.767,5417.942,1058.421,1.3913424579760771,80.74919599749937,8.147249140731134,19.93450829470965,3.894384647186201,NA
COG,Congo,"Congo, Rep.",Sub-Saharan Africa,Lower middle income,03 Medios-bajos ingresos,C4. Cap. escasa extensión c/peso campo,No peq. estado,No excluible,No OCDE,1014.273,325.652,10.026,294.17900000000003,65.102,0.05192303611178771,32.10693767851456,1.0311494343899548,29.003926950633605,6.770646457271879,NA
COK,Cook Islands,NA,NA,NA,NA,NA,NA,NA,NA,7.490500000000001,0.8795,0.033,0.543,1.0175,3.834564283928941e-4,11.741539283091914,0.435471100554236,7.249182297576931,13.378476102820327,2.3569839082946555
COL,Colombia,Colombia,Latin America & Caribbean,Upper middle income,02 Medios-altos ingresos,C2. Cap. extensión reciente c/desarrollo profundidad,No peq. estado,No excluible,OCDE,20133.23618181818,9608.982727272727,686.2756363636364,7516.626272727272,1480.2227272727273,1.0306680246005724,47.72696570236611,3.408302871426336,37.33441660767556,7.345415984624334,1.5209035829926398
COM,Comoros,Comoros,Sub-Saharan Africa,Lower middle income,03 Medios-bajos ingresos,C4. Cap. escasa extensión c/peso campo,No peq. estado,No excluible,No OCDE,173.439,99.938,1.158,38.876000000000005,5.421,0.008878753018361277,57.621411562566664,0.6815412956347221,22.414797133286054,3.1900995692394605,0.49136336865590935
CPV,Cabo Verde,Cabo Verde,Sub-Saharan Africa,Lower middle income,03 Medios-bajos ingresos,C2. Cap. extensión reciente c/desarrollo profundidad,No peq. estado,No excluible,No OCDE,124.50750000000001,48.843,20.435499999999998,30.906,34.3834,0.006373833690424973,39.22896211071622,16.431147257589217,24.822601048129627,20.108968368059497,NA
CRI,Costa Rica,Costa Rica,Latin America & Caribbean,Upper middle income,02 Medios-altos ingresos,C2. Cap. extensión reciente c/desarrollo profundidad,No peq. estado,No excluible,OCDE,2068.5205454545453,519.4495454545455,60.776363636363634,379.34063636363635,346.2339090909091,0.1058924638431775,25.112128888253295,2.9532894429068772,18.338741531826482,16.868614459338826,0.8164197514344432
CYP,Cyprus,Cyprus,Europe & Central Asia,High income,01 Altos ingresos,C1. Cap. avanzado,No peq. estado,No excluible,No OCDE,382.4629090909091,48.95590909090909,5.281454545454546,41.950545454545455,56.392818181818186,0.019579181778620405,12.800171710055308,1.3997049575373521,10.96852647862229,14.944875921736122,0.5337010090529932
CZE,Czechia,Czechia,Europe & Central Asia,High income,01 Altos ingresos,C2. Cap. extensión reciente c/desarrollo profundidad,No peq. estado,No excluible,OCDE,5044.226636363636,712.2242727272727,10.909363636363636,677.8157272727273,275.21945454545454,0.2582259034756427,14.119593033209002,0.21639433939543315,13.437455850741909,5.459220296246355,0.16606177372925615
DEU,Germany,Germany,Europe & Central Asia,High income,01 Altos ingresos,C1. Cap. avanzado,No peq. estado,No excluible,OCDE,40092.08727272727,4332.714636363637,108.73845454545454,4035.8334545454545,3117.277727272727,2.052408863549323,10.806907125813265,0.2735044178917511,10.06640893274429,7.840733469279405,0.05059630924247574
DJI,Djibouti,Djibouti,Middle East & North Africa,Lower middle income,03 Medios-bajos ingresos,C3. Cap. extensión c/peso campo,No peq. estado,No excluible,No OCDE,74.881,21.713,2.384,21.012,7.5329999999999995,0.003833335667110113,28.99667472389525,3.3989649125308317,28.060522696011002,11.374686678947844,3.9833301369261536
DNK,Denmark,Denmark,Europe & Central Asia,High income,01 Altos ingresos,C1. Cap. avanzado,No peq. estado,No excluible,OCDE,2714.205,240.2569090909091,12.159727272727274,209.45954545454546,258.3434545454545,0.13894657969776852,8.851833560505161,0.45023217300128415,7.717160105981143,9.584503917980456,0.08392104209065146
DOM,Dominican Republic,Dominican Republic,Latin America & Caribbean,Upper middle income,02 Medios-altos ingresos,C2. Cap. extensión reciente c/desarrollo profundidad,No peq. estado,No excluible,No OCDE,4049.857,1664.368,327.3299090909091,1330.008090909091,711.832,0.20732176766864172,41.09695725058934,8.145111205909675,32.840865514735235,17.712861939359215,3.4037958512939093
ECU,Ecuador,Ecuador,Latin America & Caribbean,Upper middle income,02 Medios-altos ingresos,C3. Cap. extensión c/peso campo,No peq. estado,No excluible,No OCDE,6953.024727272727,3045.6634545454544,811.9183636363637,1898.6840909090909,973.1927272727272,0.35594179673552856,43.80343194522327,11.728650429511116,27.307311067967905,14.046480852112303,2.799248772419921
EGY,Egypt,"Egypt, Arab Rep.",Middle East & North Africa,Lower middle income,03 Medios-bajos ingresos,C3. Cap. extensión c/peso campo,No peq. estado,No excluible,No OCDE,24568.3158,5480.1385,582.9566,2830.8635,1889.8146,1.2577102500896746,22.30571498922201,2.3724378287108783,11.522415793759862,7.6937954619423445,1.1524217756935105
ESP,Spain,Spain,Europe & Central Asia,High income,01 Altos ingresos,C1. Cap. avanzado,No peq. estado,No excluible,OCDE,18403.526363636363,3091.3430909090907,60.05645454545454,2770.095272727273,2076.320090909091,0.9421200840043341,16.79755841259474,0.3279205461960088,15.05198089753451,11.333746262855742,0.05056212394510304
EST,Estonia,Estonia,Europe & Central Asia,High income,01 Altos ingresos,C1. Cap. avanzado,No peq. estado,No excluible,OCDE,623.1570909090909,58.044000000000004,0.8705454545454545,51.475818181818184,50.77727272727273,0.03190088677761244,9.314505258268454,0.14036684176365014,8.260488235273522,8.190596072443846,0.07642006161627321
ETH,Ethiopia,Ethiopia,Sub-Saharan Africa,Low income,04 Bajos ingresos,C5. Pequeña propiedad en el campo,No peq. estado,No excluible,No OCDE,35343.943,31095.511,8876.316,6628.705,3336.095,1.8093401172287602,87.97974521405266,25.124948009683006,18.75485426173305,9.402019821012736,1.7398270564796736
FIN,Finland,Finland,Europe & Central Asia,High income,01 Altos ingresos,C1. Cap. avanzado,No peq. estado,No excluible,OCDE,2467.0977272727273,329.8731818181818,6.567818181818182,260.32190909090906,159.6698181818182,0.12629657339246061,13.370900478386917,0.26683272152312487,10.551746945942185,6.500540845673445,0.14569192732666103
FJI,Fiji,Fiji,East Asia & Pacific,Upper middle income,02 Medios-altos ingresos,C3. Cap. extensión c/peso campo,No peq. estado,No excluible,No OCDE,339.952,145.57933333333332,9.370666666666667,30.837,27.802333333333333,0.01740294769975584,42.82349665050752,2.768555932964547,9.070986492210665,8.178744501383601,0.06001682388400296
FRA,France,France,Europe & Central Asia,High income,01 Altos ingresos,C1. Cap. avanzado,No peq. estado,No excluible,OCDE,26019.788,1885.506090909091,18.311125,1527.2073636363637,2544.470181818182,1.3320145482972143,7.246431411774343,0.07049114179484305,5.869407404996395,9.871457303292797,0.05951028103072514
FSM,Micronesia (Federated States of),"Micronesia, Fed. Sts.",East Asia & Pacific,Lower middle income,03 Medios-bajos ingresos,NA,Peq. estado,Excluíble,No OCDE,29.589,14.648,2.158,2.726,2.6510000000000002,0.0015147309605122944,49.50488357159755,7.2757923128792985,9.212883166041436,8.792994792530433,1.13061389312628
GBR,United Kingdom of Great Britain and Northern Ireland,United Kingdom,Europe & Central Asia,High income,01 Altos ingresos,C1. Cap. avanzado,No peq. estado,No excluible,OCDE,29665.017,3667.1890909090907,269.0641818181818,3517.9192727272725,2609.202818181818,1.5186224507088293,12.361998952871291,0.8802241589758039,11.858814281910819,8.820320717076683,NA
GEO,Georgia,Georgia,Europe & Central Asia,Upper middle income,02 Medios-altos ingresos,C4. Cap. escasa extensión c/peso campo,No peq. estado,No excluible,No OCDE,1668.854,891.077,10.968454545454545,160.57136363636363,80.77263636363637,0.08543258719033374,53.39454499914313,0.6616774919860317,9.621654359001065,4.867773642189581,0.01705544148625913
GHA,Ghana,Ghana,Sub-Saharan Africa,Lower middle income,03 Medios-bajos ingresos,C4. Cap. escasa extensión c/peso campo,No peq. estado,No excluible,No OCDE,10641.10875,7456.82025,256.834,3324.61175,415.7825,0.5447435492177256,70.07559480115266,2.4142447906263,31.24309532124648,3.8672016985896303,0.5771007206728601
GIN,Guinea,Guinea,Sub-Saharan Africa,Low income,04 Bajos ingresos,C5. Pequeña propiedad en el campo,No peq. estado,No excluible,No OCDE,3334.05,2896.41,72.85849999999999,1197.33,42.18,0.17067791270053115,86.8736221712332,2.2621587325440555,35.91217888154047,1.284233281066845,0.34589004781921145
GMB,Gambia,"Gambia, The",Sub-Saharan Africa,Low income,04 Bajos ingresos,C3. Cap. extensión c/peso campo,No peq. estado,No excluible,No OCDE,646.327,472.421,63.964000000000006,210.2755,97.386,0.03308700927760417,73.09318657583545,10.106302297949794,32.53391858919711,15.166949984698492,3.745640462098887
GNB,Guinea-Bissau,Guinea-Bissau,Sub-Saharan Africa,Low income,04 Bajos ingresos,C5. Pequeña propiedad en el campo,No peq. estado,No excluible,No OCDE,268.905,192.25799999999998,15.168,88.398,20.981,0.013765883569453463,71.49662520220896,6.402296182175042,32.87331957382719,8.825966792725866,1.251702806469242
GRC,Greece,Greece,Europe & Central Asia,High income,01 Altos ingresos,C2. Cap. extensión reciente c/desarrollo profundidad,No peq. estado,No excluible,OCDE,3768.664090909091,1024.3749090909091,15.378,650.4626363636363,239.8088181818182,0.19292683694180005,27.181380042916096,0.4316873256530073,17.259766874227555,6.46591211085173,0.02329189499322377
GRD,Grenada,Grenada,Latin America & Caribbean,Upper middle income,02 Medios-altos ingresos,NA,Peq. estado,Excluíble,No OCDE,110.522,19.6915,2.5965000000000003,13.446,16.0435,0.005657882835436812,17.816814751814118,2.3159152837921613,12.165903620998533,14.471791124882174,1.0094506654060973
GTM,Guatemala,Guatemala,Latin America & Caribbean,Upper middle income,02 Medios-altos ingresos,C3. Cap. extensión c/peso campo,No peq. estado,No excluible,No OCDE,6182.3946,2385.819,427.3372,1359.8135,726.5665,0.3164914160912509,38.59053254219651,6.9175693864646854,21.994932190190514,11.762859214392575,0.8739920776358915
GUY,Guyana,Guyana,Latin America & Caribbean,Upper middle income,02 Medios-altos ingresos,C2. Cap. extensión reciente c/desarrollo profundidad,No peq. estado,No excluible,No OCDE,245.49200000000002,70.0055,10.1955,51.998999999999995,36.8815,0.012567316670319519,28.51640786665146,4.183567326690015,21.181545630814853,15.177384641341876,1.829967528584718
HKG,"Hong Kong, China","Hong Kong SAR, China",East Asia & Pacific,High income,01 Altos ingresos,C1. Cap. avanzado,No peq. estado,No excluible,No OCDE,3288.1095,177.16570000000002,9.9335,177.16570000000002,629.7502727272727,0.16832610974364126,5.388071778023208,0.2773024710166785,5.388071778023208,19.972154753030562,NA
HND,Honduras,Honduras,Latin America & Caribbean,Lower middle income,03 Medios-bajos ingresos,C3. Cap. extensión c/peso campo,No peq. estado,No excluible,No OCDE,3380.8965454545455,1390.486909090909,305.29236363636363,863.565909090909,393.79090909090905,0.17307609826925757,41.127756806411384,9.027825420076033,25.54251209644176,11.627873890356373,2.168784650620598
HRV,Croatia,Croatia,Europe & Central Asia,High income,01 Altos ingresos,C2. Cap. extensión reciente c/desarrollo profundidad,No peq. estado,No excluible,No OCDE,1587.4168181818181,267.106,8.832,140.24072727272727,103.79354545454545,0.08126362505451067,16.826456475743754,0.5605010170158029,8.83452447186209,6.589281369307576,2.518380167630177e-12
HTI,Haiti,Haiti,Latin America & Caribbean,Lower middle income,03 Medios-bajos ingresos,C3. Cap. extensión c/peso campo,No peq. estado,No excluible,No OCDE,3770.206,2802.665,NA,1672.299,NA,0.19300577091855814,74.3371847586047,NA,44.35563998359772,NA,NA
HUN,Hungary,Hungary,Europe & Central Asia,High income,01 Altos ingresos,C1. Cap. avanzado,No peq. estado,No excluible,OCDE,4088.2929090909092,459.8934545454545,6.454454545454546,395.54172727272726,366.3756363636364,0.2092893928501428,11.249033882156903,0.1586174830562865,9.674985038209547,9.00364141802127,0.04448319122149919
IDN,Indonesia,Indonesia,East Asia & Pacific,Lower middle income,03 Medios-bajos ingresos,C3. Cap. extensión c/peso campo,No peq. estado,No excluible,No OCDE,116825.82927272728,59312.45236363637,3943.061777777778,29229.124363636365,14210.468333333332,5.980590779915628,50.769981889170055,3.4037451509692462,25.019402426326142,12.268226919340966,0.7174956613304406
IND,India,India,South Asia,Lower middle income,03 Medios-bajos ingresos,C4. Cap. escasa extensión c/peso campo,No peq. estado,No excluible,No OCDE,370831.9645,284371.724,80055.88633333333,121378.25600000001,44399.95,18.983766189318537,76.6847929043614,22.47764734492278,32.731335920207606,12.339702178247444,2.9529223911149236
IRL,Ireland,Ireland,Europe & Central Asia,High income,01 Altos ingresos,C1. Cap. avanzado,No peq. estado,No excluible,OCDE,2048.6621818181816,333.91727272727275,12.487454545454545,250.88954545454547,160.34463636363637,0.10487586719492607,16.299284269060024,0.6130896756907279,12.246506411900555,7.883357712511276,1.1533031440164558e-9
IRN,Iran (Islamic Republic of),"Iran, Islamic Rep.",Middle East & North Africa,Lower middle income,03 Medios-bajos ingresos,C3. Cap. extensión c/peso campo,No peq. estado,No excluible,No OCDE,21472.337363636365,8735.176636363636,651.0275454545455,5832.1281818181815,2700.762909090909,1.0992197843544878,40.681070199449984,3.0846363328010953,27.161124022273203,12.865381452747258,NA
ISL,Iceland,Iceland,Europe & Central Asia,High income,01 Altos ingresos,C1. Cap. avanzado,No peq. estado,No excluible,OCDE,176.43566666666666,21.423,0.32422222222222224,18.301555555555556,10.34690909090909,0.009032159479489913,12.142102787229339,0.18450837812203605,10.372934169898882,5.780704405262849,0.1216336204251514
ISR,Israel,Israel,Middle East & North Africa,High income,01 Altos ingresos,C1. Cap. avanzado,No peq. estado,No excluible,OCDE,3583.041625,320.343875,6.14525,313.155875,204.28990909090908,0.1834243834597919,8.94055689347455,0.17850966830541995,8.739945213446969,6.282617540077245,0.11278016842788632
ITA,Italy,Italy,Europe & Central Asia,High income,01 Altos ingresos,C1. Cap. avanzado,No peq. estado,No excluible,OCDE,22656.418636363636,5497.338454545455,223.58554545454547,5075.798636363636,2143.4378181818183,1.1598357079599766,24.263933955220114,0.9976285805853139,22.403358261649352,9.563922031239077,0.1408895482934861
JAM,Jamaica,Jamaica,Latin America & Caribbean,Upper middle income,02 Medios-altos ingresos,C2. Cap. extensión reciente c/desarrollo profundidad,No peq. estado,No excluible,No OCDE,1142.1264999999999,420.8528,22.698,242.2333,130.9242857142857,0.05846815946370425,36.84817750047828,2.064447356956209,21.20897291149448,11.75299361688321,0.6410774312953205
JOR,Jordan,Jordan,Middle East & North Africa,Upper middle income,02 Medios-altos ingresos,C1. Cap. avanzado,No peq. estado,No excluible,No OCDE,2188.1536666666666,204.584,11.886000000000001,194.50933333333333,217.11499999999998,0.11201676654359727,9.3496175847491525,0.5432021506283812,8.889198976123097,9.922366237829067,0.4761885628335974
JPN,Japan,Japan,East Asia & Pacific,High income,01 Altos ingresos,C1. Cap. avanzado,No peq. estado,No excluible,OCDE,62834.046727272726,5620.064545454546,892.7210909090909,4105.346545454546,8797.546181818181,3.216623608505736,8.944298255765839,1.4442290132687268,6.533633848657795,14.22112205465205,1.9055793130003016
KEN,Kenya,Kenya,Sub-Saharan Africa,Lower middle income,03 Medios-bajos ingresos,C4. Cap. escasa extensión c/peso campo,No peq. estado,No excluible,No OCDE,18697.647,11333.235,4357.987,6621.084,3419.357,0.9571768156960299,60.61316164541987,23.39931533978962,35.411322077050656,18.337107894863994,5.565256781659447
KGZ,Kyrgyzstan,Kyrgyz Republic,Europe & Central Asia,Lower middle income,03 Medios-bajos ingresos,C3. Cap. extensión c/peso campo,No peq. estado,No excluible,No OCDE,2183.6995,780.9431,57.8991,381.8976,267.7557,0.11178874720690857,35.76238855208787,2.65697408258169,17.48856012468749,11.736787529699686,0.7923845684877093
KHM,Cambodia,Cambodia,East Asia & Pacific,Lower middle income,03 Medios-bajos ingresos,C4. Cap. escasa extensión c/peso campo,No peq. estado,No excluible,No OCDE,8316.1228,4893.5557,212.2892,1710.4289,485.9776,0.4257220141465474,58.84419720209037,2.572167259426091,20.567624374185527,5.883591582597977,0.06402632134716663
KIR,Kiribati,Kiribati,East Asia & Pacific,Lower middle income,03 Medios-bajos ingresos,NA,Peq. estado,Excluíble,No OCDE,23.788,6.462,2.163,4.415,2.1105,0.001217764036928131,27.164957121237595,9.03169234623575,18.55977803934757,7.961146737080348,1.6756729445152871
KOR,Republic of Korea,"Korea, Rep.",East Asia & Pacific,High income,01 Altos ingresos,C2. Cap. extensión reciente c/desarrollo profundidad,No peq. estado,No excluible,OCDE,25658.554090909092,8107.912181818182,1008.6541818181818,6844.031454545455,3260.58,1.3135221292872146,31.599255956090065,3.9310639683635262,26.673488421431816,12.70757462025699,NA
KOS,Kosovo,NA,NA,NA,NA,NA,NA,NA,NA,339.359125,76.153375,18.793,61.440374999999996,60.3065,0.017372597024903236,22.44034988008647,5.634453123301819,18.10482479290928,18.081417574262993,NA
LAO,Lao People's Democratic Republic,Lao PDR,East Asia & Pacific,Lower middle income,03 Medios-bajos ingresos,C5. Pequeña propiedad en el campo,No peq. estado,No excluible,No OCDE,2920.427333333333,2403.4823333333334,131.3725,394.8953333333333,162.78300000000002,0.14950358916240353,82.29899459919223,4.645112815186406,13.52183390512941,5.966041687855107,NA
LBN,Lebanon,Lebanon,Middle East & North Africa,Lower middle income,03 Medios-bajos ingresos,C2. Cap. extensión reciente c/desarrollo profundidad,No peq. estado,No excluible,No OCDE,1588.139,319.293,22.721,289.104,225.729,0.08130059525151356,20.104852283081012,1.5010358805777675,18.203948143078158,14.924093264591269,0.9226112673833932
LBR,Liberia,Liberia,Sub-Saharan Africa,Low income,04 Bajos ingresos,C4. Cap. escasa extensión c/peso campo,No peq. estado,No excluible,No OCDE,777.134,557.4865,97.881,258.9615,53.6735,0.03978332928678771,71.73621280242531,11.496813977389518,33.322631618228,7.055502426937195,2.029210630413376
LCA,Saint Lucia,St. Lucia,Latin America & Caribbean,Upper middle income,02 Medios-altos ingresos,C2. Cap. extensión reciente c/desarrollo profundidad,No peq. estado,Excluíble,No OCDE,78.899,17.436,1.269,12.413,10.759666666666666,0.0040390265995288626,22.09913940607612,1.6067291013374636,15.732772278482615,13.61087216853042,NA
LKA,Sri Lanka,Sri Lanka,South Asia,Lower middle income,03 Medios-bajos ingresos,C3. Cap. extensión c/peso campo,No peq. estado,No excluible,No OCDE,7773.810555555556,3129.1337777777776,334.66255555555557,1644.5111111111112,989.2538181818182,0.39795976645568565,40.25225152343778,4.359534471842931,21.154504594093318,12.947300635511398,0.3743943938707031
LSO,Lesotho,Lesotho,Sub-Saharan Africa,Lower middle income,03 Medios-bajos ingresos,C2. Cap. extensión reciente c/desarrollo profundidad,No peq. estado,No excluible,No OCDE,643.924,212.879,7.811,71.607,132.097,0.03296399401861904,33.05964679061504,1.2178788544984807,11.12041172560737,20.55466170397503,0.07033531323178625
LTU,Lithuania,Lithuania,Europe & Central Asia,High income,01 Altos ingresos,C2. Cap. extensión reciente c/desarrollo profundidad,No peq. estado,No excluible,OCDE,1318.841909090909,153.75936363636364,3.7823636363636366,92.30518181818182,100.51236363636363,0.06751463962016765,11.658665271135607,0.2877388173053536,6.998957280771332,7.646355934301572,0.05038662460764902
LUX,Luxembourg,Luxembourg,Europe & Central Asia,High income,01 Altos ingresos,C1. Cap. avanzado,No peq. estado,No excluible,OCDE,232.75854545454544,20.63509090909091,0.7466363636363637,18.468,19.728454545454547,0.011915460986306,8.865449330246248,0.306284253267579,7.9344025646553735,8.555844575085635,0.03352781656150915
LVA,Latvia,Latvia,Europe & Central Asia,High income,01 Altos ingresos,C1. Cap. avanzado,No peq. estado,No excluible,OCDE,887.8860909090909,101.73881818181819,8.588818181818182,68.58318181818181,100.49845454545455,0.045452991020589875,11.4585439757987,0.9725932673778587,7.724322131002267,11.382115913832711,0.11046427124400196
MAR,Morocco,Morocco,Middle East & North Africa,Lower middle income,03 Medios-bajos ingresos,C3. Cap. extensión c/peso campo,No peq. estado,No excluible,No OCDE,9220.76,3555.82,1006.9300000000001,2106.66,1547.45,0.4720325340989336,38.56319869511841,10.81975844580074,22.846923680911335,16.896399613035378,1.823410883165316
MDA,Republic of Moldova,Moldova,Europe & Central Asia,Upper middle income,02 Medios-altos ingresos,C3. Cap. extensión c/peso campo,No peq. estado,No excluible,No OCDE,1683.3001818181817,963.5072727272727,110.83290909090908,78.38372727272727,90.99872727272728,0.08617212143823631,57.23918307230028,6.6027496391852045,4.656550751872593,5.420898000288867,NA
MDG,Madagascar,Madagascar,Sub-Saharan Africa,Low income,04 Bajos ingresos,C5. Pequeña propiedad en el campo,No peq. estado,No excluible,No OCDE,10611.6005,9106.957999999999,4317.776,1874.9365000000003,506.0715,0.543232952040885,85.82077698835344,42.116504117594445,17.668743748881237,4.938814682134098,0.9879818084661124
MDV,Maldives,Maldives,South Asia,Upper middle income,02 Medios-altos ingresos,C2. Cap. extensión reciente c/desarrollo profundidad,No peq. estado,No excluible,No OCDE,151.42,34.891,1.57,24.01725,17.649250000000002,0.007751548279454244,23.042530709285433,1.0439280952966719,15.861345925241052,11.53582193773006,0.6064129923165693
MEX,Mexico,Mexico,Latin America & Caribbean,Upper middle income,02 Medios-altos ingresos,C2. Cap. extensión reciente c/desarrollo profundidad,No peq. estado,No excluible,OCDE,48240.990090909094,13276.343363636364,2565.953818181818,9752.524272727273,5746.713545454545,2.4695704909414586,27.520876620934573,5.269831506194017,20.216260599852642,12.074778060096103,0.9999426779296624
MHL,Marshall Islands,Marshall Islands,East Asia & Pacific,Upper middle income,02 Medios-altos ingresos,NA,Peq. estado,Excluíble,No OCDE,15.804,2.188,0.798,1.658,2.118,8.090441751980907e-4,13.84459630473298,5.073431241655542,10.491014932928373,13.081341486010746,3.71575893652418
MKD,North Macedonia,North Macedonia,Europe & Central Asia,Upper middle income,02 Medios-altos ingresos,C2. Cap. extensión reciente c/desarrollo profundidad,No peq. estado,No excluible,No OCDE,689.7720909090909,142.93227272727273,81.06781818181818,42.77190909090909,48.76072727272727,0.03531106633537129,20.721666563646256,11.856889658299329,6.200875572471698,7.1305742674872015,0.2912339378869158
MLI,Mali,Mali,Sub-Saharan Africa,Low income,04 Bajos ingresos,C5. Pequeña propiedad en el campo,No peq. estado,No excluible,No OCDE,5493.72625,4623.81625,44.449714285714286,1289.058,112.27685714285714,0.2812368528660687,84.16539229634895,0.8147944046950476,23.464183349143035,2.04597235621231,0.22718074711227973
MLT,Malta,Malta,Middle East & North Africa,High income,01 Altos ingresos,C1. Cap. avanzado,No peq. estado,No excluible,No OCDE,200.927625,28.779375,1.10725,27.382375,18.190454545454546,0.010285960810088349,14.323254455428915,0.5561439846605218,13.62797922883924,9.414086667278292,0.5388655027645872
MMR,Myanmar,Myanmar,East Asia & Pacific,Lower middle income,03 Medios-bajos ingresos,C4. Cap. escasa extensión c/peso campo,No peq. estado,No excluible,No OCDE,21718.1436,13113.49,1417.2574,4991.5712,1679.5308,1.111803187528201,60.38034484678516,6.377903868432646,22.98341558069448,7.73904908234716,NA
MNE,Montenegro,Montenegro,Europe & Central Asia,Upper middle income,02 Medios-altos ingresos,C1. Cap. avanzado,No peq. estado,No excluible,No OCDE,218.4218888888889,59.178777777777775,3.9494444444444445,47.236222222222224,13.973222222222223,0.011181533595375862,27.09379452710529,1.8146073209156914,21.62613942334839,6.405637576371893,0.158872227263256
MNG,Mongolia,Mongolia,East Asia & Pacific,Lower middle income,03 Medios-bajos ingresos,C3. Cap. extensión c/peso campo,No peq. estado,No excluible,No OCDE,1118.6458181818182,560.1727272727272,12.103545454545454,222.65663636363635,76.95627272727273,0.05726612777206418,50.07596847617053,1.086613561437383,19.904122712006334,6.896501438130647,0.5620044374619422
MOZ,Mozambique,Mozambique,Sub-Saharan Africa,Low income,04 Bajos ingresos,C5. Pequeña propiedad en el campo,No peq. estado,No excluible,No OCDE,9572.669,8041.182000000001,85.53999999999999,1257.175,347.999,0.4900475889363029,84.00146291488821,0.894255303512069,13.132962186407992,3.5472096223434075,0.23491268948308203
MRT,Mauritania,Mauritania,Sub-Saharan Africa,Lower middle income,03 Medios-bajos ingresos,C4. Cap. escasa extensión c/peso campo,No peq. estado,No excluible,No OCDE,816.1255,495.3875,NA,278.672,NA,0.041779396482259513,60.69991686327654,NA,34.145728812541705,NA,NA
MUS,Mauritius,Mauritius,Sub-Saharan Africa,Upper middle income,02 Medios-altos ingresos,C2. Cap. extensión reciente c/desarrollo profundidad,No peq. estado,No excluible,No OCDE,524.5494545454545,85.97309090909091,6.092454545454546,70.52636363636364,71.41681818181819,0.026852928423395064,16.389892347441375,1.160892690569793,13.445131440938754,13.596957103515908,0.4435965098015467
MWI,Malawi,Malawi,Sub-Saharan Africa,Low income,04 Bajos ingresos,C4. Cap. escasa extensión c/peso campo,No peq. estado,No excluible,No OCDE,5712.273,3515.691,237.78699999999998,1095.191,191.631,0.29242477839732495,61.54627063517448,4.0884452295483165,19.172595567473753,3.3521109810055614,0.1492200409286564
NAM,Namibia,Namibia,Sub-Saharan Africa,Upper middle income,02 Medios-altos ingresos,C2. Cap. extensión reciente c/desarrollo profundidad,No peq. estado,No excluible,No OCDE,661.608,206.56416666666667,34.987833333333334,90.14233333333334,105.5175,0.0338692798446253,31.221533999991944,5.569971763689517,13.62473448527426,16.787558584298413,1.1670768496133794
NCL,New Caledonia,New Caledonia,East Asia & Pacific,High income,01 Altos ingresos,C1. Cap. avanzado,No peq. estado,Excluíble,No OCDE,59.37833333333333,3.143,NA,2.921,NA,0.0030397174586373043,5.201403369410518,NA,4.816317108560875,NA,NA
NER,Niger,Niger,Sub-Saharan Africa,Low income,04 Bajos ingresos,C5. Pequeña propiedad en el campo,No peq. estado,No excluible,No OCDE,4807.0445,4135.7365,75.7645,935.118,174.793,0.24608398839806492,86.03491188816747,1.6691160709191202,19.453075585216656,3.8410337277362743,0.4269195900286359
NIC,Nicaragua,Nicaragua,Latin America & Caribbean,Lower middle income,03 Medios-bajos ingresos,C3. Cap. extensión c/peso campo,No peq. estado,No excluible,No OCDE,2768.6945,1263.5900000000001,411.6565,778.5445,496.151,0.14173602620399836,45.638476906715425,14.919815187852965,28.11955237387151,17.928478109612648,3.481982799189494
NIU,Niue,NA,NA,NA,NA,NA,NA,NA,NA,0.731,0.063,0.006,0.052,0.041999999999999996,3.7421620606796015e-5,8.618331053351575,0.8010680907877169,7.113543091655267,5.64516129032258,0.34513401664976795
NLD,Netherlands,Netherlands,Europe & Central Asia,High income,01 Altos ingresos,C1. Cap. avanzado,No peq. estado,No excluible,OCDE,7708.91,1189.0870909090909,37.61318181818182,1086.5094545454544,617.0883636363636,0.39463735336790134,15.424840748031706,0.45176270657338247,14.094203389914457,8.104427192948785,0.1463073993028411
NOR,Norway,Norway,Europe & Central Asia,High income,01 Altos ingresos,C1. Cap. avanzado,No peq. estado,No excluible,OCDE,2599.243454545455,182.07536363636365,2.962727272727273,148.87263636363636,97.2129090909091,0.1330614260201065,7.004936891077187,0.11562425728089569,5.727537222544266,3.7975011697818712,0.04897468264249478
NPL,Nepal,Nepal,South Asia,Lower middle income,03 Medios-bajos ingresos,C5. Pequeña propiedad en el campo,No peq. estado,No excluible,No OCDE,7397.457,2948.464,199.54000000000002,1800.203,909.7230000000001,0.37869333694813606,39.85780518899941,2.705407017734151,24.335430405340645,12.334227000983514,0.5550302786487205
NRU,Nauru,Nauru,East Asia & Pacific,High income,01 Altos ingresos,NA,Peq. estado,Excluíble,No OCDE,3.6270000000000002,0.218,0.055,0.174,0.753,1.856747167453477e-4,6.010476978218914,1.5260821309655936,4.797353184449959,20.772413793103446,2.08902233969728
PAK,Pakistan,Pakistan,South Asia,Lower middle income,03 Medios-bajos ingresos,C4. Cap. escasa extensión c/peso campo,No peq. estado,No excluible,No OCDE,51519.9486,29320.7789,1114.4093,11044.326000000001,6226.8592,2.6374281397959396,56.911506507209516,2.163849125224496,21.436989554760544,11.813584621200958,0.06172523725164765
PAN,Panama,Panama,Latin America & Caribbean,High income,01 Altos ingresos,C2. Cap. extensión reciente c/desarrollo profundidad,No peq. estado,No excluible,No OCDE,1703.1135,540.0264,59.317,356.172,258.5377272727273,0.08718641210302666,31.70818621307388,3.4335536022074438,20.91299258681233,15.417617127381135,1.4929374790800911
PER,Peru,Peru,Latin America & Caribbean,Upper middle income,02 Medios-altos ingresos,C3. Cap. extensión c/peso campo,No peq. estado,No excluible,No OCDE,16755.325272727274,8190.553545454545,2896.6633636363636,4801.901272727273,3243.3063636363636,0.8577447681251177,48.883285833825916,17.407760435435254,28.658955851745546,19.403948600584947,3.480200582325151
PHL,Philippines,Philippines,East Asia & Pacific,Lower middle income,03 Medios-bajos ingresos,C3. Cap. extensión c/peso campo,No peq. estado,No excluible,No OCDE,39733.863,14412.038999999999,3588.7948181818183,7649.590625,6202.054625,2.0340705149499447,36.271426717306596,9.346055658762337,19.252068758076707,15.72437379150405,6.4876797792817e-10
PLW,Palau,Palau,East Asia & Pacific,Upper middle income,02 Medios-altos ingresos,NA,No peq. estado,Excluíble,No OCDE,8.535,0.514,0.138,0.40800000000000003,1.2530000000000001,4.3692685619562793e-4,6.022261277094318,1.6100805040252013,4.780316344463972,14.562993956299398,3.398051600143322
PRI,Puerto Rico,Puerto Rico,Latin America & Caribbean,High income,01 Altos ingresos,C1. Cap. avanzado,No peq. estado,No excluible,No OCDE,1061.894,124.853,6.916,121.105,34.19,0.05436086784217927,11.75757655660546,0.6472110314106974,11.40462230693459,3.220428385735546,0.7230206650675814
PRT,Portugal,Portugal,Europe & Central Asia,High income,01 Altos ingresos,C2. Cap. extensión reciente c/desarrollo profundidad,No peq. estado,No excluible,OCDE,4711.704090909091,941.3773636363636,28.707636363636365,615.6554545454545,502.1338181818182,0.24120328714293945,19.97955188766388,0.6125979250928207,13.0665135727288,10.715133185309135,3.0028701116746377e-11
PRY,Paraguay,Paraguay,Latin America & Caribbean,Upper middle income,02 Medios-altos ingresos,C3. Cap. extensión c/peso campo,No peq. estado,No excluible,No OCDE,3122.307090909091,1232.346090909091,161.88681818181817,656.0356363636364,518.7181818181818,0.15983829189317234,39.469086641003045,5.195069308871157,21.011246404101303,16.634823026403712,1.9063499729665168
PSE,Occupied Palestinian Territory,West Bank and Gaza,Middle East & North Africa,Lower middle income,03 Medios-bajos ingresos,C2. Cap. extensión reciente c/desarrollo profundidad,No peq. estado,No excluible,No OCDE,860.3687272727273,214.24154545454545,19.342363636363636,162.79981818181818,123.663,0.04404431203003003,24.901131185191634,2.3613007963338943,18.922098516745884,15.09648739343038,NA
ROU,Romania,Romania,Europe & Central Asia,High income,01 Altos ingresos,C3. Cap. extensión c/peso campo,No peq. estado,No excluible,No OCDE,8661.405818181818,2605.5718181818183,371.6314545454545,485.12781818181816,560.7042727272727,0.4433978692879557,30.082550949318914,4.3264498550429655,5.601028613200981,6.527490306893105,3.6999031408590646e-9
RUS,Russian Federation,Russian Federation,Europe & Central Asia,Upper middle income,02 Medios-altos ingresos,C1. Cap. avanzado,No peq. estado,No excluible,No OCDE,69907.5706,4035.7027,157.345,2312.9461,5908.035181818182,3.578734041772924,5.772912240208788,0.22507406023007884,3.308577426090673,8.457999959066377,NA
RWA,Rwanda,Rwanda,Sub-Saharan Africa,Low income,04 Bajos ingresos,C5. Pequeña propiedad en el campo,No peq. estado,No excluible,No OCDE,4075.4625,1989.1267500000001,115.76275000000001,722.7385,666.096,0.20863257383341233,48.807386891671804,2.843114627343416,17.733901367022764,15.648180004249774,0.3342871698691719
SEN,Senegal,Senegal,Sub-Saharan Africa,Lower middle income,03 Medios-bajos ingresos,C4. Cap. escasa extensión c/peso campo,No peq. estado,No excluible,No OCDE,3695.2847500000003,2482.57025,172.25933333333333,1311.52975,345.06,0.1891703747586581,67.18210957897088,9.480863910788024,35.491980692421606,18.99895661558029,5.50967286185845
SLB,Solomon Islands,Solomon Islands,East Asia & Pacific,Lower middle income,03 Medios-bajos ingresos,C4. Cap. escasa extensión c/peso campo,No peq. estado,No excluible,No OCDE,356.09499999999997,248.482,4.329,105.083,7.22,0.018229346087519874,69.77969362108426,1.2159600016853223,29.509821817211698,1.9897316618117582,0.11991620857396344
SLE,Sierra Leone,Sierra Leone,Sub-Saharan Africa,Low income,04 Bajos ingresos,C5. Pequeña propiedad en el campo,No peq. estado,No excluible,No OCDE,2063.1225,1705.8319999999999,90.01400000000001,698.489,111.63,0.10561612511675036,82.68205111426975,4.379630586961679,33.855915002623455,5.387333757222504,1.8226572975616873
SLV,El Salvador,El Salvador,Latin America & Caribbean,Lower middle income,03 Medios-bajos ingresos,C2. Cap. extensión reciente c/desarrollo profundidad,No peq. estado,No excluible,No OCDE,2655.2707,963.4440999999999,209.1873,715.3386,467.8321,0.13592959335669177,36.28421388448266,7.903393360958101,26.94032664918119,17.875236119946475,2.403854564502845
SOM,Somalia,Somalia,Sub-Saharan Africa,Low income,04 Bajos ingresos,C5. Pequeña propiedad en el campo,No peq. estado,No excluible,No OCDE,1033.801,471.935,220.788,275.358,274.554,0.05292272066337391,45.65046851376619,21.809733320030784,26.635493678183714,27.12078376984762,5.533541542335957
SRB,Serbia,Serbia,Europe & Central Asia,Upper middle income,02 Medios-altos ingresos,C2. Cap. extensión reciente c/desarrollo profundidad,No peq. estado,No excluible,No OCDE,2560.151272727273,691.3961818181818,44.20918181818182,250.49890909090908,176.73981818181818,0.1310602046840027,27.006067539190862,1.735913331447856,9.784535459268314,6.938416042791856,0.09755857516547654
STP,Sao Tome and Principe,Sao Tome and Principe,Sub-Saharan Africa,Lower middle income,03 Medios-bajos ingresos,C3. Cap. extensión c/peso campo,No peq. estado,Excluíble,No OCDE,18.457,6.264,0.783,5.072,1.877,9.448575260460111e-4,33.93834317603077,3.923435386080072,27.480088855176895,10.281551270815074,NA
SUR,Suriname,Suriname,Latin America & Caribbean,Upper middle income,02 Medios-altos ingresos,C1. Cap. avanzado,No peq. estado,No excluible,No OCDE,178.025,34.142,6.018000000000001,25.499,14.271,0.009113521215492287,19.178205308243225,3.386968781130228,14.323269203763516,10.921460786514562,1.1049694953119378
SVK,Slovakia,Slovak Republic,Europe & Central Asia,High income,01 Altos ingresos,C2. Cap. extensión reciente c/desarrollo profundidad,No peq. estado,No excluible,OCDE,1937.4088181818183,246.12372727272728,10.696272727272728,233.50081818181818,142.78772727272727,0.09918054412347613,12.703757976269802,0.5252535678015666,12.052222328633226,7.87267011864905,0.6875648268336283
SVN,Slovenia,Slovenia,Europe & Central Asia,High income,01 Altos ingresos,C2. Cap. extensión reciente c/desarrollo profundidad,No peq. estado,No excluible,OCDE,938.0424545454546,150.14881818181817,21.50618181818182,90.62572727272727,50.36509090909091,0.04802061401787647,16.006612222532667,2.313162196800071,9.66115412299133,5.431864376734605,3.4294562487400267e-12
SWE,Sweden,Sweden,Europe & Central Asia,High income,01 Altos ingresos,C1. Cap. avanzado,No peq. estado,No excluible,OCDE,4773.963545454545,490.4919090909091,11.976363636363637,433.04254545454546,237.6151818181818,0.24439049601733895,10.274311992975383,0.25104131935457114,9.070922752790187,5.004188461748031,0.11331691371093404
SWZ,Eswatini,Eswatini,Sub-Saharan Africa,Lower middle income,03 Medios-bajos ingresos,C2. Cap. extensión reciente c/desarrollo profundidad,No peq. estado,No excluible,No OCDE,284.033,96.707,6.851,79.262,40.664,0.014540321704254575,34.04780430442941,2.4109147470140693,27.90591234117162,14.252367566961311,0.8359037166719665
SYC,Seychelles,Seychelles,Sub-Saharan Africa,High income,01 Altos ingresos,NA,Peq. estado,Excluíble,No OCDE,42.41266666666667,4.613,0.3561666666666667,4.0815,5.911833333333333,0.0021712048165834527,10.876467721906979,0.8427387233908304,9.623304358760748,13.783388900546345,1.0022187110767875
TCD,Chad,Chad,Sub-Saharan Africa,Low income,04 Bajos ingresos,C5. Pequeña propiedad en el campo,No peq. estado,No excluible,No OCDE,4296.825,3865.4919999999997,26.62,880.987,81.753,0.21996464427331916,89.96158791665938,0.6342383897683194,20.50320876461108,1.9476036420638363,0.30557409082447545
TGO,Togo,Togo,Sub-Saharan Africa,Low income,04 Bajos ingresos,C4. Cap. escasa extensión c/peso campo,No peq. estado,No excluible,No OCDE,2514.2563333333333,1999.6813333333334,48.84,1010.8323333333333,69.697,0.12871073408239952,79.53370970263042,2.2601034816422123,40.20402852056055,3.651042726634351,0.7330033124272914
THA,Thailand,Thailand,East Asia & Pacific,Upper middle income,02 Medios-altos ingresos,C3. Cap. extensión c/peso campo,No peq. estado,No excluible,No OCDE,37505.825125,18734.282375,762.682,7973.2475,3114.3717,1.9200119813578493,49.95032721600468,2.033549546719654,21.258691079123405,8.162132421654205,0.26170407976785076
TJK,Tajikistan,Tajikistan,Europe & Central Asia,Lower middle income,03 Medios-bajos ingresos,C4. Cap. escasa extensión c/peso campo,No peq. estado,No excluible,No OCDE,1813.9389999999999,574.5944999999999,169.4765,234.648,182.26,0.0928598318219849,31.67661646835974,9.761231364334195,12.93582639769033,9.090777594171048,1.1767980809823917
TLS,Timor-Leste,Timor-Leste,East Asia & Pacific,Lower middle income,03 Medios-bajos ingresos,C4. Cap. escasa extensión c/peso campo,No peq. estado,No excluible,No OCDE,338.43525,236.667,31.531000000000002,68.62975,18.1865,0.0173253016764243,69.92977238629841,9.365738612693843,20.278546634843742,5.126409047217704,0.91061125249186
TON,Tonga,Tonga,East Asia & Pacific,Upper middle income,02 Medios-altos ingresos,C3. Cap. extensión c/peso campo,No peq. estado,Excluíble,No OCDE,34.295500000000004,15.4315,0.157,5.8740000000000006,1.4065,0.0017556678379211667,44.9956991442026,0.4587759157254942,17.127611494219362,4.130872138273346,0.04346461476253206
TTO,Trinidad and Tobago,Trinidad and Tobago,Latin America & Caribbean,High income,01 Altos ingresos,C1. Cap. avanzado,No peq. estado,No excluible,No OCDE,614.202,106.391,14.499714285714285,94.19628571428571,110.75057142857143,0.031442454473235744,17.321825718574672,2.366894538195784,15.33636909588144,18.09301430046735,NA
TUN,Tunisia,Tunisia,Middle East & North Africa,Lower middle income,03 Medios-bajos ingresos,C2. Cap. extensión reciente c/desarrollo profundidad,No peq. estado,No excluible,No OCDE,3195.5717777777777,672.4371111111111,68.84966666666666,396.9907777777778,471.13,0.16358888466454813,21.042779129146282,2.1753327759202605,12.423153206524056,15.55223891682632,0.5205029203106791
TUR,Türkiye,Turkiye,Europe & Central Asia,Upper middle income,02 Medios-altos ingresos,C3. Cap. extensión c/peso campo,No peq. estado,No excluible,OCDE,25735.54472727273,7744.974818181819,1146.783181818182,2800.4416363636365,2685.8604545454546,1.3174634622342403,30.09446623437598,4.456028525443962,10.881610107890682,10.436384892748283,NA
TUV,Tuvalu,Tuvalu,East Asia & Pacific,Upper middle income,02 Medios-altos ingresos,NA,No peq. estado,Excluíble,No OCDE,3.1055,0.7165,0.013000000000000001,0.2475,0.257,1.5897789711956912e-4,23.071969087103525,0.4026637757472511,7.969731122202544,8.064010040790713,0.17344073034808172
TZA,"Tanzania, United Republic of",Tanzania,Sub-Saharan Africa,Lower middle income,03 Medios-bajos ingresos,C5. Pequeña propiedad en el campo,No peq. estado,No excluible,No OCDE,15271.155666666667,12131.069333333333,1357.0006666666666,3187.061,1191.27,0.7817666122918236,79.43779500468716,9.808044307764185,20.86980887082831,8.523663737946418,NA
UGA,Uganda,Uganda,Sub-Saharan Africa,Low income,04 Bajos ingresos,C5. Pequeña propiedad en el campo,No peq. estado,No excluible,No OCDE,12956.819166666666,10109.609666666667,395.1666666666667,1941.8513333333333,722.131,0.6632902477781982,78.02539756574771,3.0541569394580566,14.987099135635335,5.598780297222694,0.19662449812938504
URY,Uruguay,Uruguay,Latin America & Caribbean,High income,01 Altos ingresos,C2. Cap. extensión reciente c/desarrollo profundidad,No peq. estado,No excluible,No OCDE,1602.9214545454545,378.56654545454546,57.963545454545454,329.8797272727273,263.26354545454546,0.0820573440964345,23.617286073564767,3.6399721635318287,20.579905917241106,16.53234901531185,1.5644273809408602
USA,United States of America,United States,North America,High income,01 Altos ingresos,C1. Cap. avanzado,No peq. estado,No excluible,OCDE,147129.11954545454,9639.61809090909,781.4021818181818,8810.507636363636,12629.77709090909,7.531887950536164,6.551808452799853,0.5310995809755629,5.988282716285603,8.584144575161229,NA
VEN,Venezuela (Bolivarian Republic of),"Venezuela, RB",Latin America & Caribbean,99_Sin_datos,99_Sin_datos,C2. Cap. extensión reciente c/desarrollo profundidad,No peq. estado,No excluible,No OCDE,12612.966333333334,4905.958833333333,12.198500000000001,4363.269833333334,52.47,0.6456876071850767,38.89615419306994,0.09716512313323943,34.59352636026752,0.41827526780139784,NA
VNM,Viet Nam,Vietnam,East Asia & Pacific,Lower middle income,03 Medios-bajos ingresos,C4. Cap. escasa extensión c/peso campo,No peq. estado,No excluible,No OCDE,52075.01163636363,30562.594,15835.774272727273,9983.008181818182,3500.8661818181818,2.6658431307120214,58.689557696917234,30.456445141505316,19.17043869625775,6.7337407574450285,NA
VUT,Vanuatu,Vanuatu,East Asia & Pacific,Lower middle income,03 Medios-bajos ingresos,C4. Cap. escasa extensión c/peso campo,No peq. estado,Excluíble,No OCDE,93.99833333333333,61.91866666666667,4.366333333333333,11.194666666666667,5.732666666666667,0.004811997219796372,65.87208993067253,4.651121502959547,11.909431018280467,6.02466194913473,0.38996808359098817
WLF,Wallis and Futuna,NA,NA,NA,NA,NA,NA,NA,NA,3.394,0.34750000000000003,0,0.3395,0.638,1.7374689512922805e-4,10.238656452563347,0,10.002946375957574,18.847858197932055,NA
WSM,Samoa,Samoa,East Asia & Pacific,Lower middle income,03 Medios-bajos ingresos,C3. Cap. extensión c/peso campo,No peq. estado,Excluíble,No OCDE,44.3215,18.729,0.5145,3.8149999999999995,2.759,0.00226892251398647,42.25714382410342,1.160050956562912,8.607560664688695,6.211445810257102,0.1217248361597796
YEM,Yemen,"Yemen, Rep.",Middle East & North Africa,Low income,04 Bajos ingresos,C3. Cap. extensión c/peso campo,No peq. estado,No excluible,No OCDE,4173.68,1775.99,45.846000000000004,946.4240000000001,305.371,0.21366056018354637,42.55213624427363,1.1018397883706226,22.676007743765695,7.735453768358407,0.3948907480204861
ZAF,South Africa,South Africa,Sub-Saharan Africa,Upper middle income,02 Medios-altos ingresos,C1. Cap. avanzado,No peq. estado,No excluible,No OCDE,15343.435090909092,1519.1598181818183,551.6489090909091,1499.1889090909092,3847.5067272727274,0.7854667671368001,9.901041123978247,3.6465609475689225,9.770881814980083,25.43715620080904,4.318305615247501
ZMB,Zambia,Zambia,Sub-Saharan Africa,Low income,04 Bajos ingresos,C5. Pequeña propiedad en el campo,No peq. estado,No excluible,No OCDE,5380.123666666666,3959.2456666666667,214.87,1009.577,313.58500000000004,0.27542126767666797,73.5902353173914,4.016110796585026,18.76494040936234,6.16830926738382,0.4759337309061033
ZWE,Zimbabwe,Zimbabwe,Sub-Saharan Africa,Lower middle income,03 Medios-bajos ingresos,C5. Pequeña propiedad en el campo,No peq. estado,No excluible,No OCDE,5536.656333333333,4038.4693333333335,257.943,807.4426666666667,456.29633333333334,0.2834345454667775,72.94058164708194,4.6638091007768105,14.583579295060694,8.24644645122238,0.5308598086285601
TKL,Tokelau,NA,NA,NA,NA,NA,NA,NA,NA,NA,NA,0,NA,NA,NA,NA,0,NA,NA,NA
ABW,Aruba,Aruba,Latin America & Caribbean,High income,01 Altos ingresos,NA,Peq. estado,Excluíble,No OCDE,NA,NA,NA,NA,6.302,NA,NA,NA,NA,13.672654690618762,NA
BMU,Bermuda,Bermuda,North America,High income,01 Altos ingresos,NA,Peq. estado,Excluíble,No OCDE,NA,NA,NA,NA,1.036,NA,NA,NA,NA,2.8942589747171392,NA
CUB,Cuba,Cuba,Latin America & Caribbean,Upper middle income,02 Medios-altos ingresos,C2. Cap. extensión reciente c/desarrollo profundidad,No peq. estado,No excluible,No OCDE,NA,NA,NA,NA,749.963,NA,NA,NA,NA,14.993126312025751,NA
CYM,Cayman Islands,Cayman Islands,Latin America & Caribbean,High income,01 Altos ingresos,NA,Peq. estado,Excluíble,No OCDE,NA,NA,NA,NA,4.6962,NA,NA,NA,NA,12.93365084669209,NA
DZA,Algeria,Algeria,Middle East & North Africa,Lower middle income,03 Medios-bajos ingresos,C2. Cap. extensión reciente c/desarrollo profundidad,No peq. estado,No excluible,No OCDE,NA,NA,NA,NA,1287,NA,NA,NA,NA,12.714878482513337,NA
IMN,Isle of Man,Isle of Man,Europe & Central Asia,High income,01 Altos ingresos,NA,Peq. estado,Excluíble,No OCDE,NA,NA,NA,NA,3.4879999999999995,NA,NA,NA,NA,8.23282271579295,NA
MAC,"Macao, China","Macao SAR, China",East Asia & Pacific,High income,01 Altos ingresos,C1. Cap. avanzado,No peq. estado,No excluible,No OCDE,NA,NA,NA,NA,62.05,NA,NA,NA,NA,16.57650437454084,NA
MYS,Malaysia,Malaysia,East Asia & Pacific,Upper middle income,02 Medios-altos ingresos,C2. Cap. extensión reciente c/desarrollo profundidad,No peq. estado,No excluible,No OCDE,NA,NA,NA,NA,1255,NA,NA,NA,NA,10.008440052368199,NA
NGA,Nigeria,Nigeria,Sub-Saharan Africa,Lower middle income,03 Medios-bajos ingresos,C4. Cap. escasa extensión c/peso campo,No peq. estado,No excluible,No OCDE,NA,NA,NA,NA,1655.3306666666667,NA,NA,NA,NA,2.8520126882952384,NA
PNG,Papua New Guinea,Papua New Guinea,East Asia & Pacific,Lower middle income,03 Medios-bajos ingresos,C5. Pequeña propiedad en el campo,No peq. estado,No excluible,No OCDE,NA,NA,NA,NA,549.194,NA,NA,NA,NA,37.940051024813975,NA
POL,Poland,Poland,Europe & Central Asia,High income,01 Altos ingresos,C2. Cap. extensión reciente c/desarrollo profundidad,No peq. estado,No excluible,OCDE,NA,NA,NA,NA,990.8538181818182,NA,NA,NA,NA,6.277441002758382,NA
QAT,Qatar,Qatar,Middle East & North Africa,High income,01 Altos ingresos,C2. Cap. extensión reciente c/desarrollo profundidad,No peq. estado,No excluible,No OCDE,NA,NA,NA,NA,315.412,NA,NA,NA,NA,22.46476214895693,NA
REU,Réunion,NA,NA,NA,NA,NA,NA,NA,NA,NA,NA,NA,NA,14.306999999999999,NA,NA,NA,NA,6.028823058446757,NA
SGP,Singapore,Singapore,East Asia & Pacific,High income,01 Altos ingresos,C1. Cap. avanzado,No peq. estado,No excluible,No OCDE,NA,NA,NA,NA,154.45714285714286,NA,NA,NA,NA,7.493346640053226,NA
UKR,Ukraine,Ukraine,Europe & Central Asia,Lower middle income,03 Medios-bajos ingresos,C2. Cap. extensión reciente c/desarrollo profundidad,No peq. estado,No excluible,No OCDE,NA,NA,NA,NA,1441.3104444444443,NA,NA,NA,NA,8.053951053787632,NA
BIH,Bosnia & Herzegovina,Bosnia and Herzegovina,Europe & Central Asia,Upper middle income,02 Medios-altos ingresos,C2. Cap. extensión reciente c/desarrollo profundidad,No peq. estado,No excluible,No OCDE,NA,NA,NA,NA,NA,NA,NA,NA,NA,NA,0.1792604860907058
BOL,Bolivia,Bolivia,Latin America & Caribbean,Lower middle income,03 Medios-bajos ingresos,C3. Cap. extensión c/peso campo,No peq. estado,No excluible,No OCDE,NA,NA,NA,NA,NA,NA,NA,NA,NA,NA,0.8230446778485642
BRN,Brunei,Brunei Darussalam,East Asia & Pacific,High income,01 Altos ingresos,C1. Cap. avanzado,No peq. estado,No excluible,No OCDE,NA,NA,NA,NA,NA,NA,NA,NA,NA,NA,0.15033260191016468
CIV,Côte d’Ivoire,Cote d'Ivoire,Sub-Saharan Africa,Lower middle income,03 Medios-bajos ingresos,C4. Cap. escasa extensión c/peso campo,No peq. estado,No excluible,No OCDE,NA,NA,NA,NA,NA,NA,NA,NA,NA,NA,0.7248469512248937
COD,Congo - Kinshasa,"Congo, Dem. Rep.",Sub-Saharan Africa,Low income,04 Bajos ingresos,C5. Pequeña propiedad en el campo,No peq. estado,No excluible,No OCDE,NA,NA,NA,NA,NA,NA,NA,NA,NA,NA,0.8897472628764429
COG,Congo - Brazzaville,"Congo, Rep.",Sub-Saharan Africa,Lower middle income,03 Medios-bajos ingresos,C4. Cap. escasa extensión c/peso campo,No peq. estado,No excluible,No OCDE,NA,NA,NA,NA,NA,NA,NA,NA,NA,NA,1.5848491064614814
CPV,Cape Verde,Cabo Verde,Sub-Saharan Africa,Lower middle income,03 Medios-bajos ingresos,C2. Cap. extensión reciente c/desarrollo profundidad,No peq. estado,No excluible,No OCDE,NA,NA,NA,NA,NA,NA,NA,NA,NA,NA,5.7229743734730505
GBR,United Kingdom,United Kingdom,Europe & Central Asia,High income,01 Altos ingresos,C1. Cap. avanzado,No peq. estado,No excluible,OCDE,NA,NA,NA,NA,NA,NA,NA,NA,NA,NA,0.6882262866932239
HKG,Hong Kong SAR China,"Hong Kong SAR, China",East Asia & Pacific,High income,01 Altos ingresos,C1. Cap. avanzado,No peq. estado,No excluible,No OCDE,NA,NA,NA,NA,NA,NA,NA,NA,NA,NA,0.2415445731973085
IRN,Iran,"Iran, Islamic Rep.",Middle East & North Africa,Lower middle income,03 Medios-bajos ingresos,C3. Cap. extensión c/peso campo,No peq. estado,No excluible,No OCDE,NA,NA,NA,NA,NA,NA,NA,NA,NA,NA,0.7033954433774627
KOR,South Korea,"Korea, Rep.",East Asia & Pacific,High income,01 Altos ingresos,C2. Cap. extensión reciente c/desarrollo profundidad,No peq. estado,No excluible,OCDE,NA,NA,NA,NA,NA,NA,NA,NA,NA,NA,3.285236129890994
KOS,NA,NA,NA,NA,NA,NA,NA,NA,NA,NA,NA,NA,NA,NA,NA,NA,NA,NA,NA,2.871053512315207
LAO,Laos,Lao PDR,East Asia & Pacific,Lower middle income,03 Medios-bajos ingresos,C5. Pequeña propiedad en el campo,No peq. estado,No excluible,No OCDE,NA,NA,NA,NA,NA,NA,NA,NA,NA,NA,1.0460657440131629
LCA,St. Lucia,St. Lucia,Latin America & Caribbean,Upper middle income,02 Medios-altos ingresos,C2. Cap. extensión reciente c/desarrollo profundidad,No peq. estado,Excluíble,No OCDE,NA,NA,NA,NA,NA,NA,NA,NA,NA,NA,1.2441236826320934
MDA,Moldova,Moldova,Europe & Central Asia,Upper middle income,02 Medios-altos ingresos,C3. Cap. extensión c/peso campo,No peq. estado,No excluible,No OCDE,NA,NA,NA,NA,NA,NA,NA,NA,NA,NA,0.0846839988502837
MMR,Myanmar (Burma),Myanmar,East Asia & Pacific,Lower middle income,03 Medios-bajos ingresos,C4. Cap. escasa extensión c/peso campo,No peq. estado,No excluible,No OCDE,NA,NA,NA,NA,NA,NA,NA,NA,NA,NA,0.530016060684309
PSE,Palestinian Territories,West Bank and Gaza,Middle East & North Africa,Lower middle income,03 Medios-bajos ingresos,C2. Cap. extensión reciente c/desarrollo profundidad,No peq. estado,No excluible,No OCDE,NA,NA,NA,NA,NA,NA,NA,NA,NA,NA,0.6427863759626103
RUS,Russia,Russian Federation,Europe & Central Asia,Upper middle income,02 Medios-altos ingresos,C1. Cap. avanzado,No peq. estado,No excluible,No OCDE,NA,NA,NA,NA,NA,NA,NA,NA,NA,NA,0.04874530782185879
STP,São Tomé & Príncipe,Sao Tome and Principe,Sub-Saharan Africa,Lower middle income,03 Medios-bajos ingresos,C3. Cap. extensión c/peso campo,No peq. estado,Excluíble,No OCDE,NA,NA,NA,NA,NA,NA,NA,NA,NA,NA,3.427566701456412
TTO,Trinidad & Tobago,Trinidad and Tobago,Latin America & Caribbean,High income,01 Altos ingresos,C1. Cap. avanzado,No peq. estado,No excluible,No OCDE,NA,NA,NA,NA,NA,NA,NA,NA,NA,NA,2.190312246186706
TUR,Turkey,Turkiye,Europe & Central Asia,Upper middle income,02 Medios-altos ingresos,C3. Cap. extensión c/peso campo,No peq. estado,No excluible,OCDE,NA,NA,NA,NA,NA,NA,NA,NA,NA,NA,0.21275509420301855
TZA,Tanzania,Tanzania,Sub-Saharan Africa,Lower middle income,03 Medios-bajos ingresos,C5. Pequeña propiedad en el campo,No peq. estado,No excluible,No OCDE,NA,NA,NA,NA,NA,NA,NA,NA,NA,NA,1.386913529597039
USA,United States,United States,North America,High income,01 Altos ingresos,C1. Cap. avanzado,No peq. estado,No excluible,OCDE,NA,NA,NA,NA,NA,NA,NA,NA,NA,NA,0.21258595156918317
VEN,Venezuela,"Venezuela, RB",Latin America & Caribbean,99_Sin_datos,99_Sin_datos,C2. Cap. extensión reciente c/desarrollo profundidad,No peq. estado,No excluible,No OCDE,NA,NA,NA,NA,NA,NA,NA,NA,NA,NA,0.05230066591850107
VNM,Vietnam,Vietnam,East Asia & Pacific,Lower middle income,03 Medios-bajos ingresos,C4. Cap. escasa extensión c/peso campo,No peq. estado,No excluible,No OCDE,NA,NA,NA,NA,NA,NA,NA,NA,NA,NA,0.9750109419484656
WLF,Wallis & Futuna,NA,NA,NA,NA,NA,NA,NA,NA,NA,NA,NA,NA,NA,NA,NA,NA,NA,NA,0
